-- phpMyAdmin SQL Dump
-- version 4.4.14.1
-- http://www.phpmyadmin.net
--
-- Host: 127.0.0.1
-- Generation Time: Feb 08, 2016 at 08:39 PM
-- Server version: 5.6.21
-- PHP Version: 5.6.3

SET FOREIGN_KEY_CHECKS=0;
SET SQL_MODE = "NO_AUTO_VALUE_ON_ZERO";
SET time_zone = "+00:00";


/*!40101 SET @OLD_CHARACTER_SET_CLIENT=@@CHARACTER_SET_CLIENT */;
/*!40101 SET @OLD_CHARACTER_SET_RESULTS=@@CHARACTER_SET_RESULTS */;
/*!40101 SET @OLD_COLLATION_CONNECTION=@@COLLATION_CONNECTION */;
/*!40101 SET NAMES utf8mb4 */;

--
-- Database: `new_mango`
--

-- --------------------------------------------------------

--
-- Table structure for table `advertiser`
--

CREATE TABLE IF NOT EXISTS `advertiser` (
  `id` int(10) unsigned NOT NULL,
  `name` varchar(100) COLLATE utf8_unicode_ci NOT NULL,
  `description` varchar(255) COLLATE utf8_unicode_ci DEFAULT NULL,
  `status` varchar(15) COLLATE utf8_unicode_ci NOT NULL DEFAULT 'Inactive',
  `client_id` int(10) unsigned NOT NULL,
  `domain_name` varchar(255) COLLATE utf8_unicode_ci DEFAULT NULL,
  `created_at` timestamp NOT NULL DEFAULT '0000-00-00 00:00:00',
  `updated_at` timestamp NOT NULL DEFAULT '0000-00-00 00:00:00'
) ENGINE=InnoDB AUTO_INCREMENT=16 DEFAULT CHARSET=utf8 COLLATE=utf8_unicode_ci;

--
-- Dumping data for table `advertiser`
--

INSERT INTO `advertiser` (`id`, `name`, `description`, `status`, `client_id`, `domain_name`, `created_at`, `updated_at`) VALUES
(2, 'adv_23', 'adv_descript_2', 'Inactive', 4, '', '0000-00-00 00:00:00', '2016-02-07 14:49:35'),
(4, 'adv_1111', 'adv_descript_1', 'Inactive', 4, 'aaaa', '0000-00-00 00:00:00', '2016-01-31 12:31:44'),
(6, 'test1', 'aaaaa', 'Inactive', 1, '', '2015-11-07 12:58:57', '2016-02-01 11:27:49'),
(8, 'adv change', '', 'Active', 3, 'ddd.com', '2015-11-17 09:26:12', '2016-01-26 10:07:31'),
(9, 'asdasdas', '', 'Active', 2, 'adadas', '2015-11-17 12:37:45', '2016-01-26 13:11:59'),
(10, '11111', '', 'Active', 1, 'aaa', '2015-12-23 12:21:42', '2016-02-04 06:46:12'),
(11, 'asd132111', '', 'Active', 4, 'sdasd', '2016-01-27 13:08:46', '2016-02-04 06:46:40'),
(12, 'advertiser_1_bing', '', '', 19, 'bing.com', '2016-02-02 10:57:50', '2016-02-02 10:57:50'),
(13, 'adv 1 abc', '', 'Inactive', 27, 'abc.com', '2016-02-04 09:56:51', '2016-02-04 10:08:41'),
(14, 'adv.2_abc1', '', 'Inactive', 27, 'abc2.com', '2016-02-04 09:57:28', '2016-02-04 10:09:48'),
(15, 'asdasdasd', '', 'Inactive', 27, 'asd.com', '2016-02-04 11:14:03', '2016-02-04 11:14:03');

-- --------------------------------------------------------

--
-- Table structure for table `advertiser_model_map`
--

CREATE TABLE IF NOT EXISTS `advertiser_model_map` (
  `id` int(10) unsigned NOT NULL,
  `advertiser_id` int(10) unsigned NOT NULL,
  `model_id` int(10) unsigned NOT NULL,
  `status` varchar(15) COLLATE utf8_unicode_ci NOT NULL,
  `created_at` timestamp NOT NULL DEFAULT '0000-00-00 00:00:00',
  `updated_at` timestamp NOT NULL DEFAULT '0000-00-00 00:00:00'
) ENGINE=InnoDB DEFAULT CHARSET=utf8 COLLATE=utf8_unicode_ci;

-- --------------------------------------------------------

--
-- Table structure for table `advertiser_publisher`
--

CREATE TABLE IF NOT EXISTS `advertiser_publisher` (
  `id` int(10) unsigned NOT NULL,
  `name` varchar(100) COLLATE utf8_unicode_ci NOT NULL,
  `advertiser_id` int(10) unsigned NOT NULL,
  `created_at` timestamp NOT NULL DEFAULT '0000-00-00 00:00:00',
  `updated_at` timestamp NOT NULL DEFAULT '0000-00-00 00:00:00'
) ENGINE=InnoDB AUTO_INCREMENT=29 DEFAULT CHARSET=utf8 COLLATE=utf8_unicode_ci;

--
-- Dumping data for table `advertiser_publisher`
--

INSERT INTO `advertiser_publisher` (`id`, `name`, `advertiser_id`, `created_at`, `updated_at`) VALUES
(2, 'asd', 4, '2016-01-19 13:05:27', '2016-01-19 13:05:27'),
(3, 'ss', 4, '2016-01-19 13:13:57', '2016-01-19 13:13:57'),
(4, 'aaa', 4, '2016-01-19 13:21:22', '2016-01-19 13:21:22'),
(5, 'sad', 4, '2016-01-19 13:22:33', '2016-01-19 13:22:33'),
(6, 'df', 4, '2016-01-19 13:41:17', '2016-01-19 13:41:17'),
(7, 'sadasd', 4, '2016-01-19 13:45:04', '2016-01-19 13:45:04'),
(8, 'rrr', 4, '2016-01-19 13:46:31', '2016-01-19 13:46:31'),
(9, 'hgg', 4, '2016-01-20 10:53:55', '2016-01-20 10:53:55'),
(10, 'asd', 4, '2016-01-20 14:06:07', '2016-01-20 14:06:07'),
(11, 'asd34', 4, '2016-01-20 14:06:11', '2016-01-20 14:06:11'),
(12, 'alisd23', 4, '2016-01-20 14:38:27', '2016-01-20 14:38:27'),
(13, 'xac', 4, '2016-01-20 14:38:30', '2016-01-20 14:38:30'),
(14, 'wqe', 4, '2016-01-20 14:50:23', '2016-01-20 14:50:23'),
(15, 'asd', 4, '2016-01-20 14:50:26', '2016-01-20 14:50:26'),
(16, 'asd', 4, '2016-01-20 15:42:24', '2016-01-20 15:42:24'),
(17, 'sad', 4, '2016-01-20 15:42:57', '2016-01-20 15:42:57'),
(18, 'sad', 4, '2016-01-20 15:45:26', '2016-01-20 15:45:26'),
(19, 'dsaf', 4, '2016-01-20 15:45:29', '2016-01-20 15:45:29'),
(20, 'asd', 4, '2016-01-21 09:08:30', '2016-01-21 09:08:30'),
(21, 'ali.com', 4, '2016-01-21 12:23:01', '2016-01-21 12:23:01'),
(22, 'yyy.com', 4, '2016-01-21 12:23:09', '2016-01-21 12:23:09'),
(23, 'asdasdas.com', 4, '2016-01-28 09:03:58', '2016-01-28 09:03:58'),
(24, 'asdasd123', 4, '2016-01-28 09:04:03', '2016-01-28 09:04:03'),
(25, 'sad', 4, '2016-01-28 09:35:50', '2016-01-28 09:35:50'),
(26, 'asd', 4, '2016-01-30 14:29:20', '2016-01-30 14:29:20'),
(27, 'asdasd', 4, '2016-01-31 11:56:49', '2016-01-31 11:56:49'),
(28, 'asda', 13, '2016-02-04 11:09:36', '2016-02-04 11:09:36');

-- --------------------------------------------------------

--
-- Table structure for table `audits`
--

CREATE TABLE IF NOT EXISTS `audits` (
  `id` int(10) unsigned NOT NULL,
  `user_id` int(10) unsigned NOT NULL,
  `entity_type` varchar(255) COLLATE utf8_unicode_ci NOT NULL,
  `entity_id` int(11) NOT NULL,
  `audit_type` varchar(20) COLLATE utf8_unicode_ci NOT NULL,
  `field` varchar(255) COLLATE utf8_unicode_ci NOT NULL,
  `before_value` varchar(255) COLLATE utf8_unicode_ci NOT NULL,
  `after_value` varchar(255) COLLATE utf8_unicode_ci NOT NULL COMMENT 'Parent ID',
  `change_key` varchar(150) COLLATE utf8_unicode_ci NOT NULL,
  `date_change` timestamp NOT NULL DEFAULT '0000-00-00 00:00:00',
  `created_at` timestamp NOT NULL DEFAULT '0000-00-00 00:00:00',
  `updated_at` timestamp NOT NULL DEFAULT '0000-00-00 00:00:00'
) ENGINE=InnoDB AUTO_INCREMENT=172 DEFAULT CHARSET=utf8 COLLATE=utf8_unicode_ci;

--
-- Dumping data for table `audits`
--

INSERT INTO `audits` (`id`, `user_id`, `entity_type`, `entity_id`, `audit_type`, `field`, `before_value`, `after_value`, `change_key`, `date_change`, `created_at`, `updated_at`) VALUES
(1, 1, 'targetgroup', 20, 'edit', 'name', 'final11', 'final1', '$2y$10$KZ7QNChr/uluH.y3xd3lnO1mjoSDGtzi5xpAXxW/hdn7ZgDA6pPC.', '2016-01-31 06:42:03', '2016-01-31 06:42:03', '2016-01-31 06:42:03'),
(2, 1, 'targetgroup', 20, 'edit', 'Max Impression', '21311', '2131', '$2y$10$KZ7QNChr/uluH.y3xd3lnO1mjoSDGtzi5xpAXxW/hdn7ZgDA6pPC.', '2016-01-31 06:42:03', '2016-01-31 06:42:03', '2016-01-31 06:42:03'),
(3, 1, 'targetgroup', 20, 'edit', 'Daily max Impression', '12311', '1231', '$2y$10$KZ7QNChr/uluH.y3xd3lnO1mjoSDGtzi5xpAXxW/hdn7ZgDA6pPC.', '2016-01-31 06:42:03', '2016-01-31 06:42:03', '2016-01-31 06:42:03'),
(4, 1, 'targetgroup', 20, 'edit', 'Max Budget', '12311', '1231', '$2y$10$KZ7QNChr/uluH.y3xd3lnO1mjoSDGtzi5xpAXxW/hdn7ZgDA6pPC.', '2016-01-31 06:42:03', '2016-01-31 06:42:03', '2016-01-31 06:42:03'),
(5, 1, 'targetgroup', 20, 'edit', 'Daily Max Budget', '12311', '1231', '$2y$10$KZ7QNChr/uluH.y3xd3lnO1mjoSDGtzi5xpAXxW/hdn7ZgDA6pPC.', '2016-01-31 06:42:03', '2016-01-31 06:42:03', '2016-01-31 06:42:03'),
(6, 1, 'targetgroup', 20, 'edit', 'CPM', '12311', '1231', '$2y$10$KZ7QNChr/uluH.y3xd3lnO1mjoSDGtzi5xpAXxW/hdn7ZgDA6pPC.', '2016-01-31 06:42:03', '2016-01-31 06:42:03', '2016-01-31 06:42:03'),
(7, 1, 'targetgroup', 20, 'edit', 'Domain Name', 'http://www.as1d1.com', 'http://www.as1d.com', '$2y$10$KZ7QNChr/uluH.y3xd3lnO1mjoSDGtzi5xpAXxW/hdn7ZgDA6pPC.', '2016-01-31 06:42:03', '2016-01-31 06:42:03', '2016-01-31 06:42:03'),
(8, 1, 'targetgroup', 20, 'edit', 'Pacing Plan', '12311', '1231', '$2y$10$KZ7QNChr/uluH.y3xd3lnO1mjoSDGtzi5xpAXxW/hdn7ZgDA6pPC.', '2016-01-31 06:42:03', '2016-01-31 06:42:03', '2016-01-31 06:42:03'),
(9, 1, 'targetgroup', 20, 'edit', 'Frequency In Sec', '12311', '1231', '$2y$10$KZ7QNChr/uluH.y3xd3lnO1mjoSDGtzi5xpAXxW/hdn7ZgDA6pPC.', '2016-01-31 06:42:03', '2016-01-31 06:42:03', '2016-01-31 06:42:03'),
(10, 1, 'targetgroup', 20, 'edit', 'Iab Category', '2', '1', '$2y$10$KZ7QNChr/uluH.y3xd3lnO1mjoSDGtzi5xpAXxW/hdn7ZgDA6pPC.', '2016-01-31 06:42:03', '2016-01-31 06:42:03', '2016-01-31 06:42:03'),
(11, 1, 'targetgroup', 20, 'edit', 'Iab Sub Category', '5', '3', '$2y$10$KZ7QNChr/uluH.y3xd3lnO1mjoSDGtzi5xpAXxW/hdn7ZgDA6pPC.', '2016-01-31 06:42:03', '2016-01-31 06:42:03', '2016-01-31 06:42:03'),
(12, 1, 'targetgroup', 20, 'edit', 'Start Date', '2016-10-01 10:11:01', '2016-10-01 10:12:03', '$2y$10$KZ7QNChr/uluH.y3xd3lnO1mjoSDGtzi5xpAXxW/hdn7ZgDA6pPC.', '2016-01-31 06:42:03', '2016-01-31 06:42:03', '2016-01-31 06:42:03'),
(13, 1, 'targetgroup', 20, 'edit', 'End Date', '2018-04-01 10:11:01', '2018-04-01 10:12:03', '$2y$10$KZ7QNChr/uluH.y3xd3lnO1mjoSDGtzi5xpAXxW/hdn7ZgDA6pPC.', '2016-01-31 06:42:03', '2016-01-31 06:42:03', '2016-01-31 06:42:03'),
(14, 1, 'targetgroup_geosegment_map', 8, 'add', '', '', '20', '$2y$10$KZ7QNChr/uluH.y3xd3lnO1mjoSDGtzi5xpAXxW/hdn7ZgDA6pPC.', '2016-01-31 06:42:03', '2016-01-31 06:42:03', '2016-01-31 06:42:03'),
(15, 1, 'targetgroup_geosegment_map', 0, 'del', '', '', '20', '$2y$10$KZ7QNChr/uluH.y3xd3lnO1mjoSDGtzi5xpAXxW/hdn7ZgDA6pPC.', '2016-01-31 06:42:03', '2016-01-31 06:42:03', '2016-01-31 06:42:03'),
(16, 1, 'targetgroup_geolocation_map', 22, 'add', '', '', '20', '$2y$10$KZ7QNChr/uluH.y3xd3lnO1mjoSDGtzi5xpAXxW/hdn7ZgDA6pPC.', '2016-01-31 06:42:03', '2016-01-31 06:42:03', '2016-01-31 06:42:03'),
(17, 1, 'targetgroup_geolocation_map', 23, 'add', '', '', '20', '$2y$10$KZ7QNChr/uluH.y3xd3lnO1mjoSDGtzi5xpAXxW/hdn7ZgDA6pPC.', '2016-01-31 06:42:03', '2016-01-31 06:42:03', '2016-01-31 06:42:03'),
(18, 1, 'targetgroup_geolocation_map', 24, 'add', '', '', '20', '$2y$10$KZ7QNChr/uluH.y3xd3lnO1mjoSDGtzi5xpAXxW/hdn7ZgDA6pPC.', '2016-01-31 06:42:04', '2016-01-31 06:42:04', '2016-01-31 06:42:04'),
(19, 1, 'targetgroup_geolocation_map', 4, 'del', '', '', '20', '$2y$10$KZ7QNChr/uluH.y3xd3lnO1mjoSDGtzi5xpAXxW/hdn7ZgDA6pPC.', '2016-01-31 06:42:04', '2016-01-31 06:42:04', '2016-01-31 06:42:04'),
(20, 1, 'targetgroup_geolocation_map', 5, 'del', '', '', '20', '$2y$10$KZ7QNChr/uluH.y3xd3lnO1mjoSDGtzi5xpAXxW/hdn7ZgDA6pPC.', '2016-01-31 06:42:04', '2016-01-31 06:42:04', '2016-01-31 06:42:04'),
(21, 1, 'targetgroup_geolocation_map', 6, 'del', '', '', '20', '$2y$10$KZ7QNChr/uluH.y3xd3lnO1mjoSDGtzi5xpAXxW/hdn7ZgDA6pPC.', '2016-01-31 06:42:04', '2016-01-31 06:42:04', '2016-01-31 06:42:04'),
(22, 1, 'targetgroup_bwlist_map', 2, 'add', '', '', '20', '$2y$10$KZ7QNChr/uluH.y3xd3lnO1mjoSDGtzi5xpAXxW/hdn7ZgDA6pPC.', '2016-01-31 06:42:04', '2016-01-31 06:42:04', '2016-01-31 06:42:04'),
(23, 1, 'targetgroup_bwlist_map', 0, 'del', '', '', '20', '$2y$10$KZ7QNChr/uluH.y3xd3lnO1mjoSDGtzi5xpAXxW/hdn7ZgDA6pPC.', '2016-01-31 06:42:04', '2016-01-31 06:42:04', '2016-01-31 06:42:04'),
(24, 1, 'advertiser', 4, 'edit', 'status', 'Active', 'Inactive', '$2y$10$.CZAVp4vTnbU0aoTlyfbuOZ4cMpnPy.jUJxFZlksZSxHdJtpgX1Xm', '2016-01-31 12:31:44', '2016-01-31 12:31:44', '2016-01-31 12:31:44'),
(25, 1, 'advertiser', 6, 'edit', 'status', 'Active', 'Inactive', '$2y$10$QPLQX9IalTW94tFpGYWJOuwgNjBUdkCPcYd/Vp9/mPJXW74U4pp1q', '2016-02-01 11:27:49', '2016-02-01 11:27:49', '2016-02-01 11:27:49'),
(26, 1, 'advertiser', 7, 'edit', 'status', 'Active', 'Inactive', '$2y$10$Orbdfxx9Rec8862pIsEGz.1mUfTMETunwwJVi1HdypzOkisf6TVde', '2016-02-01 11:27:59', '2016-02-01 11:28:00', '2016-02-01 11:28:00'),
(27, 1, 'campaign', 5, 'edit', 'status', 'Active', 'Inactive', '$2y$10$BrAzNS.FX/2QaZ/uZQFl3uqvjmo4Rdpftg5U6/Tz.7RtbnQ6fqQwm', '2016-02-02 08:59:19', '2016-02-02 08:59:20', '2016-02-02 08:59:20'),
(28, 1, 'campaign', 6, 'edit', 'status', 'Active', 'Inactive', '$2y$10$abJhv71k/R68kKnP0ffdyOvW6ZbrQbwE1tBhS/4tqH9EFClUmMMjW', '2016-02-02 08:59:21', '2016-02-02 08:59:21', '2016-02-02 08:59:21'),
(29, 1, 'campaign', 6, 'edit', 'status', 'Inactive', 'Active', '$2y$10$VjvhnafwT9i66QD.ACT7J.Yfen7bneKwF3v.5bKzpZK2OV50lUdKC', '2016-02-02 08:59:22', '2016-02-02 08:59:22', '2016-02-02 08:59:22'),
(30, 1, 'campaign', 5, 'edit', 'status', 'Inactive', 'Active', '$2y$10$X4lW6sE8fzTPK9QN/yYj.O7u5N6S3UzJE7AJyQNeVblA2sNxWO8C.', '2016-02-02 08:59:28', '2016-02-02 08:59:28', '2016-02-02 08:59:28'),
(31, 8, 'client', 19, 'add', '', '', '', '$2y$10$z/Al.PJkkBy9wO9zLRv9pO948wBlUl3ZPSAqEuACdxlagI/peJdGy', '2016-02-02 10:54:33', '2016-02-02 10:54:33', '2016-02-02 10:54:33'),
(32, 8, 'advertiser', 12, 'add', '', '', '', '$2y$10$2Ae3KnVphZfJ/RyM0.lmy.anH46iIw0DJHlQZM/ONKln3mNCXVjoC', '2016-02-02 10:57:50', '2016-02-02 10:57:50', '2016-02-02 10:57:50'),
(33, 8, 'campaign', 10, 'add', '', '', '', '$2y$10$/6JJM4Fy.Pam52aGUpBEVe62h7FPHY2PDF5X3MfPjYyFpixoH/Uw2', '2016-02-02 11:13:38', '2016-02-02 11:13:38', '2016-02-02 11:13:38'),
(35, 8, 'creative', 7, 'add', '', '', '', '$2y$10$WEbHtpYBL6N58rxIN/RcE.UrBkZR0GKkKlFCPQz3VEpGMAD..yUN2', '2016-02-02 12:03:42', '2016-02-02 12:03:42', '2016-02-02 12:03:42'),
(36, 1, 'client', 20, 'add', '', '', '', '$2y$10$IUNtQU3WwnAusVXzQ63BKOhg39rXGYOocUw1I9c7V9PtD7Ef3Q9M.', '2016-02-02 12:29:05', '2016-02-02 12:29:06', '2016-02-02 12:29:06'),
(37, 8, 'offer', 3, 'add', '', '', '', '$2y$10$q7VuvDEZM4DxUAiI9tL9a./aygZWCy63Ofu1ypyDb0mHepTEy4mQO', '2016-02-03 13:37:18', '2016-02-03 13:37:18', '2016-02-03 13:37:18'),
(38, 8, 'pixel', 3, 'add', '', '', '', '$2y$10$YPoTj6Ph7YTmr.5.q34vuOEPdFWIHzMPkAZxn9q97naJuwC8.du9m', '2016-02-03 13:46:26', '2016-02-03 13:46:26', '2016-02-03 13:46:26'),
(39, 1, 'advertiser', 11, 'edit', 'Name', 'asd132', 'asd132111', '$2y$10$ytohpiQ5z6oVcnKLK8/Aa.QKonGR0KLlnO9iZnkz5cnKPOjkUNlTe', '2016-02-04 06:46:40', '2016-02-04 06:46:40', '2016-02-04 06:46:40'),
(40, 1, 'company', 1, 'edit', 'Name', 'Google', 'Google1', '$2y$10$6T1bfV7DS478Gx0G3KyGqeWSJO1FyIBPQg75bJ7pY59ikQvLt8N8C', '2016-02-04 07:59:04', '2016-02-04 07:59:05', '2016-02-04 07:59:05'),
(41, 1, 'company', 1, 'edit', 'Name', 'Google1', 'Google', '$2y$10$9rsSddk1pKM4j/b6tD076O4lX6isXHmn8uWrulXGF5gQKu6bXRJie', '2016-02-04 07:59:23', '2016-02-04 07:59:23', '2016-02-04 07:59:23'),
(42, 10, 'advertiser', 13, 'add', '', '', '', '$2y$10$L4DlCmbQ76lvYS9cW5LplePytAqIZ80rlJJ76IuZzOAa3qVJuYqFm', '2016-02-04 09:56:51', '2016-02-04 09:56:51', '2016-02-04 09:56:51'),
(43, 10, 'advertiser', 14, 'add', '', '', '', '$2y$10$5iCqPvK1HK64QDeBXWWo9OMhb1C9qPx9vBBE2bMYuqX9RN8MrXLBi', '2016-02-04 09:57:28', '2016-02-04 09:57:28', '2016-02-04 09:57:28'),
(44, 1, 'advertiser', 2, 'edit', 'status', 'Active', 'Inactive', '$2y$10$s61pM4STT/AFm/8gpJeU9OS5N/c2f/RZ4p.c5cKFqh.Y19wcUa1dW', '2016-02-04 10:04:48', '2016-02-04 10:04:48', '2016-02-04 10:04:48'),
(45, 1, 'advertiser', 2, 'edit', 'status', 'Inactive', 'Active', '$2y$10$o5EvgAS64mmuMgxmwViZ2eSEFPBW9fOg.jztuWxlUsovUZYIuYsDC', '2016-02-04 10:04:50', '2016-02-04 10:04:50', '2016-02-04 10:04:50'),
(46, 1, 'advertiser', 2, 'edit', 'status', 'Active', 'Inactive', '$2y$10$xlVCLGByXyGP65hmelcxxuO8YyNatMGx5QYSp0XFfF8EOdGv4CIXC', '2016-02-04 10:05:29', '2016-02-04 10:05:30', '2016-02-04 10:05:30'),
(47, 10, 'advertiser', 13, 'edit', 'status', 'Inactive', 'Active', '$2y$10$L.B.K2LQ/JCbJL.hjPib/e./1n3elUcSRi8/ZgrBZjxkcED0PaXfy', '2016-02-04 10:08:32', '2016-02-04 10:08:32', '2016-02-04 10:08:32'),
(48, 10, 'advertiser', 13, 'edit', 'status', 'Active', 'Inactive', '$2y$10$hbvtVZbLQ3cRzqF1gd20ruYW7IHSqXS2BWfXOW2/IKjQDgs0HGyYe', '2016-02-04 10:08:41', '2016-02-04 10:08:41', '2016-02-04 10:08:41'),
(49, 10, 'advertiser', 14, 'edit', 'status', 'Inactive', 'Active', '$2y$10$o3fbgFIm2FnekHLS7itI.euZugkUwx8rbNURgs8S02HuMt6m6AbJC', '2016-02-04 10:08:42', '2016-02-04 10:08:43', '2016-02-04 10:08:43'),
(50, 10, 'advertiser', 14, 'edit', 'status', 'Active', 'Inactive', '$2y$10$CrokuFW5XsuxbPmYqb35HePoQMfnPBgCRMTMAdVtsvRdh3rM/0LE6', '2016-02-04 10:08:44', '2016-02-04 10:08:44', '2016-02-04 10:08:44'),
(51, 10, 'advertiser', 14, 'edit', 'Name', 'adv 2 abc', 'adv 2 abc1', '$2y$10$NzV6GDR6Ub0krF9dHZOKkuIIWH9AEvPTiq7jCcB3/v8j6MfuN.PAu', '2016-02-04 10:08:50', '2016-02-04 10:08:50', '2016-02-04 10:08:50'),
(52, 10, 'advertiser', 14, 'edit', 'Name', 'adv 2 abc1', 'adv.2_abc1', '$2y$10$jU8sGJsZPos4deu905xbae8.mWMdl4wMP.hn74H1FHGaShGTUrzLS', '2016-02-04 10:09:47', '2016-02-04 10:09:48', '2016-02-04 10:09:48'),
(53, 10, 'campaign', 12, 'add', '', '', '', '$2y$10$SgNQTZGUvMJPH.s.PUiy0OE5vgQX.HpdiL3O2QuXzTqRuJ0JBCDpG', '2016-02-04 10:17:34', '2016-02-04 10:17:35', '2016-02-04 10:17:35'),
(54, 10, 'campaign', 12, 'edit', 'Name', 'camp 1 abc', 'camp 1 abc1', '$2y$10$XoMr3RDPc9Avm958x/rTNOVX71UGXixP/rglLEGaTuxOmGl8RzeAm', '2016-02-04 10:18:31', '2016-02-04 10:18:31', '2016-02-04 10:18:31'),
(55, 10, 'campaign', 12, 'edit', 'Max Imps', '1', '19', '$2y$10$XoMr3RDPc9Avm958x/rTNOVX71UGXixP/rglLEGaTuxOmGl8RzeAm', '2016-02-04 10:18:31', '2016-02-04 10:18:31', '2016-02-04 10:18:31'),
(56, 10, 'campaign', 12, 'edit', 'Daily Max Imps', '2', '29', '$2y$10$XoMr3RDPc9Avm958x/rTNOVX71UGXixP/rglLEGaTuxOmGl8RzeAm', '2016-02-04 10:18:31', '2016-02-04 10:18:31', '2016-02-04 10:18:31'),
(57, 10, 'campaign', 12, 'edit', 'Max Budget', '3', '39', '$2y$10$XoMr3RDPc9Avm958x/rTNOVX71UGXixP/rglLEGaTuxOmGl8RzeAm', '2016-02-04 10:18:31', '2016-02-04 10:18:31', '2016-02-04 10:18:31'),
(58, 10, 'campaign', 12, 'edit', 'Daily Max Budget', '4', '49', '$2y$10$XoMr3RDPc9Avm958x/rTNOVX71UGXixP/rglLEGaTuxOmGl8RzeAm', '2016-02-04 10:18:31', '2016-02-04 10:18:31', '2016-02-04 10:18:31'),
(59, 10, 'campaign', 12, 'edit', 'CPM', '5', '59', '$2y$10$XoMr3RDPc9Avm958x/rTNOVX71UGXixP/rglLEGaTuxOmGl8RzeAm', '2016-02-04 10:18:31', '2016-02-04 10:18:31', '2016-02-04 10:18:31'),
(60, 10, 'campaign', 12, 'edit', 'Domain Name', 'cmpabc.com', 'cmpab1c.com', '$2y$10$XoMr3RDPc9Avm958x/rTNOVX71UGXixP/rglLEGaTuxOmGl8RzeAm', '2016-02-04 10:18:31', '2016-02-04 10:18:31', '2016-02-04 10:18:31'),
(61, 10, 'campaign', 12, 'edit', 'Start Date', '2016-02-04 13:47:34', '2016-02-05 13:48:31', '$2y$10$XoMr3RDPc9Avm958x/rTNOVX71UGXixP/rglLEGaTuxOmGl8RzeAm', '2016-02-04 10:18:31', '2016-02-04 10:18:31', '2016-02-04 10:18:31'),
(62, 10, 'campaign', 12, 'edit', 'End Date', '2016-02-29 13:47:34', '2016-02-29 13:48:31', '$2y$10$XoMr3RDPc9Avm958x/rTNOVX71UGXixP/rglLEGaTuxOmGl8RzeAm', '2016-02-04 10:18:31', '2016-02-04 10:18:31', '2016-02-04 10:18:31'),
(63, 10, 'creative', 8, 'add', '', '', '', '$2y$10$A.0X5L0L0RsYtgJ.XgmDyedeZVXgv01.GPqHXBKe1.kreKZfGbp66', '2016-02-04 10:24:09', '2016-02-04 10:24:09', '2016-02-04 10:24:09'),
(64, 10, 'creative', 8, 'edit', 'Name', 'crt 1 abc', 'crt 1 abc1', '$2y$10$/qMIgiHeBQkkIn6Oayj/MOK0i99vDK.wzX.JYu.GhrQhQfBky4kQy', '2016-02-04 10:24:51', '2016-02-04 10:24:51', '2016-02-04 10:24:51'),
(65, 10, 'creative', 8, 'edit', 'Domain Name', 'crtabc.com', 'crtab1.com', '$2y$10$/qMIgiHeBQkkIn6Oayj/MOK0i99vDK.wzX.JYu.GhrQhQfBky4kQy', '2016-02-04 10:24:51', '2016-02-04 10:24:51', '2016-02-04 10:24:51'),
(66, 10, 'creative', 8, 'edit', 'Landing Page URL', 'sdfas dfs', 'sdfas dfs1', '$2y$10$/qMIgiHeBQkkIn6Oayj/MOK0i99vDK.wzX.JYu.GhrQhQfBky4kQy', '2016-02-04 10:24:51', '2016-02-04 10:24:51', '2016-02-04 10:24:51'),
(67, 10, 'creative', 8, 'edit', 'Preview URL', 'dsfsd', 'dsfsd9', '$2y$10$/qMIgiHeBQkkIn6Oayj/MOK0i99vDK.wzX.JYu.GhrQhQfBky4kQy', '2016-02-04 10:24:51', '2016-02-04 10:24:51', '2016-02-04 10:24:51'),
(68, 10, 'creative', 8, 'edit', 'Attributes', 'zsdf', 'zsdf9', '$2y$10$/qMIgiHeBQkkIn6Oayj/MOK0i99vDK.wzX.JYu.GhrQhQfBky4kQy', '2016-02-04 10:24:51', '2016-02-04 10:24:51', '2016-02-04 10:24:51'),
(69, 10, 'creative', 8, 'edit', 'AD Tag', 'dfjaf', 'jdfg aksjgsjasjkasjasklj  f f f f', '$2y$10$/qMIgiHeBQkkIn6Oayj/MOK0i99vDK.wzX.JYu.GhrQhQfBky4kQy', '2016-02-04 10:24:51', '2016-02-04 10:24:51', '2016-02-04 10:24:51'),
(70, 10, 'creative', 8, 'edit', 'Size', '23x23', '2399x239', '$2y$10$/qMIgiHeBQkkIn6Oayj/MOK0i99vDK.wzX.JYu.GhrQhQfBky4kQy', '2016-02-04 10:24:51', '2016-02-04 10:24:51', '2016-02-04 10:24:51'),
(71, 10, 'creative', 8, 'edit', 'status', 'Inactive', 'Active', '$2y$10$EEjauh2c/J2/QqMM7Ne.CuD.yh3W/I/gtF0FrMm64.smf7fzos61O', '2016-02-04 10:27:15', '2016-02-04 10:27:15', '2016-02-04 10:27:15'),
(72, 10, 'creative', 8, 'edit', 'status', 'Active', 'Inactive', '$2y$10$PkurmxOnDor4r/94RGFH/.b7lC0rJvrbIx4sRc5WFql4.xwBLjioe', '2016-02-04 10:27:17', '2016-02-04 10:27:17', '2016-02-04 10:27:17'),
(73, 10, 'offer', 4, 'add', '', '', '', '$2y$10$oHNIMdp7vqT2YKNTy4PgheKJzBC.2lKY5SR1Qd9MwwyUw9IFrEV2m', '2016-02-04 10:28:33', '2016-02-04 10:28:33', '2016-02-04 10:28:33'),
(74, 10, 'offer', 5, 'add', '', '', '', '$2y$10$Op.TIi7TIs4QvaiLvi926Omk.6.ZyEBqjlgCtOWhsY6saNyGytFD6', '2016-02-04 10:28:59', '2016-02-04 10:28:59', '2016-02-04 10:28:59'),
(75, 10, 'offer', 4, 'edit', 'status', 'Inactive', 'Active', '$2y$10$6ztRSOFEzOp/Q0JxsfmEr.FR5OxCgal2/SR974y0DmsZrGoiGJl3K', '2016-02-04 10:30:07', '2016-02-04 10:30:08', '2016-02-04 10:30:08'),
(76, 10, 'offer', 5, 'edit', 'status', 'Inactive', 'Active', '$2y$10$7p8f4XY/YVUsv6v3AaGDrefl8je4hVsw169Swbl.OhK.rK7wS8Ekq', '2016-02-04 10:30:09', '2016-02-04 10:30:09', '2016-02-04 10:30:09'),
(77, 10, 'offer', 4, 'edit', 'status', 'Active', 'Inactive', '$2y$10$5rz7Zq9CVDmPmUGqcreHeOL7J2f80x8.jcRt9cRZzvU0Sk/jjeFy2', '2016-02-04 10:30:10', '2016-02-04 10:30:10', '2016-02-04 10:30:10'),
(78, 10, 'pixel', 4, 'add', '', '', '', '$2y$10$X56QzYgVy6BMmlEsXmckfOzis.qBuU0daqSC9.9Wy5XWOt5dKVBz6', '2016-02-04 10:32:13', '2016-02-04 10:32:13', '2016-02-04 10:32:13'),
(79, 10, 'pixel', 5, 'add', '', '', '', '$2y$10$iiocgJSr5nz9EpBXpWGkku4efCetOQZHl3YfnBQHnzinzWk50H2Qm', '2016-02-04 10:32:25', '2016-02-04 10:32:25', '2016-02-04 10:32:25'),
(80, 10, 'creative', 5, 'edit', 'Name', 'pexel 2 abc', 'pexel 2 abc1', '$2y$10$5MHO20cF6jL.B2ISswYlzekLIc4ENw9VLgzgfx9T3A47rdPV4EqXq', '2016-02-04 10:32:27', '2016-02-04 10:32:27', '2016-02-04 10:32:27'),
(81, 10, 'pixel', 4, 'edit', 'status', 'Inactive', 'Active', '$2y$10$8jGJ/dv2bA1SFLFIMvT7/eiTU6w7Fe5U1AEJEMopHHBXkmRcZWuDy', '2016-02-04 10:33:44', '2016-02-04 10:33:44', '2016-02-04 10:33:44'),
(82, 10, 'pixel', 5, 'edit', 'status', 'Inactive', 'Active', '$2y$10$ujofn3MrDHi4EHfdPdC7M.j77q3A3pt4XGCpX/luOCO0wkeTIkaqa', '2016-02-04 10:33:45', '2016-02-04 10:33:45', '2016-02-04 10:33:45'),
(83, 10, 'pixel', 4, 'edit', 'status', 'Active', 'Inactive', '$2y$10$Q9IUBcuWQI.Yjt9RMsf/wuW8u/bH/xvXm8PMIJNuizFYpHv3zOxE6', '2016-02-04 10:33:46', '2016-02-04 10:33:46', '2016-02-04 10:33:46'),
(84, 10, 'offer_pixel', 3, 'add', '', '', '', '$2y$10$oJcl4pjqs/4CnWOz8ep6AOKheLv.4UK8HdDaueDkg3GsSik73jdMS', '2016-02-04 10:34:05', '2016-02-04 10:34:05', '2016-02-04 10:34:05'),
(85, 10, 'offer_pixel', 4, 'add', '', '', '', '$2y$10$nYpCttJFGLdaizibWPzP8OBz70mTJfzIhSVzFacOq9baWmy/2AEfe', '2016-02-04 10:38:26', '2016-02-04 10:38:26', '2016-02-04 10:38:26'),
(86, 10, 'offer_pixel', 5, 'add', '', '', '', '$2y$10$nYpCttJFGLdaizibWPzP8OBz70mTJfzIhSVzFacOq9baWmy/2AEfe', '2016-02-04 10:38:26', '2016-02-04 10:38:26', '2016-02-04 10:38:26'),
(87, 10, 'offer_pixel_map', 4, 'del', '', '', '4', '$2y$10$zqWdXIfBoAaHLkhIXEcCY.HjksdYO4x6BenBrOY2/arqZ7aQ9o6fe', '2016-02-04 10:47:32', '2016-02-04 10:47:32', '2016-02-04 10:47:32'),
(88, 10, 'offer_pixel_map', 4, 'add', '', '', '4', '$2y$10$9bxUZExrSCy8ADtURgr4VOZzf6dlFjMmetMM8yFwfLzI608GCRQD2', '2016-02-04 10:48:12', '2016-02-04 10:48:12', '2016-02-04 10:48:12'),
(89, 10, 'offer_pixel_map', 5, 'del', '', '', '4', '$2y$10$9bxUZExrSCy8ADtURgr4VOZzf6dlFjMmetMM8yFwfLzI608GCRQD2', '2016-02-04 10:48:12', '2016-02-04 10:48:12', '2016-02-04 10:48:12'),
(90, 10, 'offer_pixel_map', 5, 'add', '', '', '4', '$2y$10$/pJa6C1fmdih9dqvzeFX6.dU366swZ49I4UA08tpcd.QW7Bjajz96', '2016-02-04 10:48:20', '2016-02-04 10:48:20', '2016-02-04 10:48:20'),
(91, 10, 'offer_pixel_map', 4, 'del', '', '', '4', '$2y$10$/pJa6C1fmdih9dqvzeFX6.dU366swZ49I4UA08tpcd.QW7Bjajz96', '2016-02-04 10:48:20', '2016-02-04 10:48:20', '2016-02-04 10:48:20'),
(92, 10, 'bwlist', 20, 'add', '', '', '', '$2y$10$wnu9tQsFomPAivPtDli0ZuXjmt4tY8mNRpaD6b.9Hf9oV/eF54upe', '2016-02-04 10:49:27', '2016-02-04 10:49:27', '2016-02-04 10:49:27'),
(93, 10, 'bwlistentrie', 160, 'add', '', '', '', '$2y$10$wnu9tQsFomPAivPtDli0ZuXjmt4tY8mNRpaD6b.9Hf9oV/eF54upe', '2016-02-04 10:49:27', '2016-02-04 10:49:27', '2016-02-04 10:49:27'),
(94, 10, 'bwlistentrie', 161, 'add', '', '', '', '$2y$10$wnu9tQsFomPAivPtDli0ZuXjmt4tY8mNRpaD6b.9Hf9oV/eF54upe', '2016-02-04 10:49:27', '2016-02-04 10:49:27', '2016-02-04 10:49:27'),
(95, 10, 'bwlistentrie', 160, 'edit', 'domain_name', 'abc.com', 'ab1c.com', '$2y$10$QpXfbqgIZ4t1LqtFJaJzgekems.XlNowo3OlEcrlMybEAKoPjda.S', '2016-02-04 10:49:38', '2016-02-04 10:49:39', '2016-02-04 10:49:39'),
(96, 10, 'bwlistentrie', 162, 'add', '', '', '20', '$2y$10$epSgR2Mbt3u6uJ0TvIQTfuJBBJX9ZyV397M5FJJ/QexI699ShmPr6', '2016-02-04 10:50:09', '2016-02-04 10:50:09', '2016-02-04 10:50:09'),
(97, 10, 'bwlist', 21, 'add', '', '', '', '$2y$10$K3AKeKY7gbMlrGr6HH1v2uA5epV2vl3qZQUno7QqYihdf5kJh..la', '2016-02-04 10:50:37', '2016-02-04 10:50:37', '2016-02-04 10:50:37'),
(98, 10, 'bwlistentrie', 163, 'add', '', '', '', '$2y$10$K3AKeKY7gbMlrGr6HH1v2uA5epV2vl3qZQUno7QqYihdf5kJh..la', '2016-02-04 10:50:37', '2016-02-04 10:50:37', '2016-02-04 10:50:37'),
(99, 10, 'bwlistentrie', 164, 'add', '', '', '', '$2y$10$K3AKeKY7gbMlrGr6HH1v2uA5epV2vl3qZQUno7QqYihdf5kJh..la', '2016-02-04 10:50:37', '2016-02-04 10:50:37', '2016-02-04 10:50:37'),
(100, 10, 'bwlist', 21, 'edit', 'status', 'Active', 'Disable', '$2y$10$sgCAMgNyuPSwC6hSK6ezJ.DVR1WdbZpggZtFmFsyvCrSU0p8bwOVW', '2016-02-04 10:52:06', '2016-02-04 10:52:06', '2016-02-04 10:52:06'),
(101, 10, 'bwlist', 20, 'edit', 'status', 'Active', 'Disable', '$2y$10$QFI4l040Kf1NAOY94SJZSOx9TIeV/VdlZ/l6qX6SE7mFk0dFia3rK', '2016-02-04 10:52:06', '2016-02-04 10:52:07', '2016-02-04 10:52:07'),
(102, 10, 'bwlist', 21, 'edit', 'status', 'Disable', 'Active', '$2y$10$0bPTrIjGAga6BcFpp00GtOWQ9xxjAtOqPHyB1fYS7utpWUHvuIjV.', '2016-02-04 10:52:07', '2016-02-04 10:52:08', '2016-02-04 10:52:08'),
(103, 10, 'geosegment', 15, 'add', '', '', '', '$2y$10$5W6Oiw.m.T3SEZDTo.1eI.PRnV0hWG2.mAFSe76ISfQS3axyHCwKa', '2016-02-04 10:53:40', '2016-02-04 10:53:40', '2016-02-04 10:53:40'),
(104, 10, 'geosegmententrie', 42, 'add', '', '', '15', '$2y$10$KFx5GVYZoqWE6QLO6runKuvhrqp3g39qIThNO4e1uCTtBQL9Naaje', '2016-02-04 10:54:08', '2016-02-04 10:54:08', '2016-02-04 10:54:08'),
(105, 10, 'geosegmententrie', 43, 'add', '', '', '15', '$2y$10$.8zu43ML8KM.rfFnw17ytO7QRnU8hx9Noh//sa4lqVuphYXyV6Vr6', '2016-02-04 10:54:17', '2016-02-04 10:54:17', '2016-02-04 10:54:17'),
(106, 10, 'bwlist', 22, 'add', '', '', '', '$2y$10$KD1Z0.i51eVBpkwGEwnogu8qVuBXHxXOLDS4L2Abuc6vbf9F9R2QO', '2016-02-04 11:05:11', '2016-02-04 11:05:11', '2016-02-04 11:05:11'),
(107, 10, 'bwlistentrie', 165, 'add', '', '', '', '$2y$10$KD1Z0.i51eVBpkwGEwnogu8qVuBXHxXOLDS4L2Abuc6vbf9F9R2QO', '2016-02-04 11:05:11', '2016-02-04 11:05:11', '2016-02-04 11:05:11'),
(108, 10, 'bwlistentrie', 166, 'add', '', '', '', '$2y$10$KD1Z0.i51eVBpkwGEwnogu8qVuBXHxXOLDS4L2Abuc6vbf9F9R2QO', '2016-02-04 11:05:11', '2016-02-04 11:05:11', '2016-02-04 11:05:11'),
(109, 10, 'bwlistentrie', 167, 'add', '', '', '', '$2y$10$KD1Z0.i51eVBpkwGEwnogu8qVuBXHxXOLDS4L2Abuc6vbf9F9R2QO', '2016-02-04 11:05:11', '2016-02-04 11:05:11', '2016-02-04 11:05:11'),
(110, 10, 'bwlist', 23, 'add', '', '', '', '$2y$10$ctfgm5s14vSk1e.WHPR1meoM.G8HaD.M3kIIzlnvFcPzv6UlaQbau', '2016-02-04 11:05:35', '2016-02-04 11:05:35', '2016-02-04 11:05:35'),
(111, 10, 'bwlistentrie', 168, 'add', '', '', '', '$2y$10$ctfgm5s14vSk1e.WHPR1meoM.G8HaD.M3kIIzlnvFcPzv6UlaQbau', '2016-02-04 11:05:35', '2016-02-04 11:05:35', '2016-02-04 11:05:35'),
(112, 10, 'bwlistentrie', 169, 'add', '', '', '', '$2y$10$ctfgm5s14vSk1e.WHPR1meoM.G8HaD.M3kIIzlnvFcPzv6UlaQbau', '2016-02-04 11:05:35', '2016-02-04 11:05:35', '2016-02-04 11:05:35'),
(113, 10, 'bwlistentrie', 170, 'add', '', '', '', '$2y$10$ctfgm5s14vSk1e.WHPR1meoM.G8HaD.M3kIIzlnvFcPzv6UlaQbau', '2016-02-04 11:05:35', '2016-02-04 11:05:35', '2016-02-04 11:05:35'),
(114, 10, 'geosegment', 16, 'add', '', '', '', '$2y$10$KLmDubz.o6XGthUSx.sgbezgMLBD5uXylvKL6iJ96jMKcSGMB/xSW', '2016-02-04 11:06:04', '2016-02-04 11:06:04', '2016-02-04 11:06:04'),
(115, 10, 'geosegmententrie', 44, 'add', '', '', '', '$2y$10$KLmDubz.o6XGthUSx.sgbezgMLBD5uXylvKL6iJ96jMKcSGMB/xSW', '2016-02-04 11:06:04', '2016-02-04 11:06:04', '2016-02-04 11:06:04'),
(116, 10, 'geosegmententrie', 45, 'add', '', '', '', '$2y$10$KLmDubz.o6XGthUSx.sgbezgMLBD5uXylvKL6iJ96jMKcSGMB/xSW', '2016-02-04 11:06:04', '2016-02-04 11:06:04', '2016-02-04 11:06:04'),
(117, 10, 'geosegmententrie', 46, 'add', '', '', '', '$2y$10$KLmDubz.o6XGthUSx.sgbezgMLBD5uXylvKL6iJ96jMKcSGMB/xSW', '2016-02-04 11:06:04', '2016-02-04 11:06:04', '2016-02-04 11:06:04'),
(118, 10, 'targetgroup', 21, 'add', '', '', '', '$2y$10$1Mivxl5cYqA9oPBVU1vPF.Tw1hbbz/rY4EnabqtnW0TYVQa5BzpCq', '2016-02-04 11:10:05', '2016-02-04 11:10:05', '2016-02-04 11:10:05'),
(119, 10, 'targetgroup_geosegment', 38, 'add', '', '', '21', '$2y$10$1Mivxl5cYqA9oPBVU1vPF.Tw1hbbz/rY4EnabqtnW0TYVQa5BzpCq', '2016-02-04 11:10:05', '2016-02-04 11:10:05', '2016-02-04 11:10:05'),
(120, 10, 'targetgroup_geosegment', 39, 'add', '', '', '21', '$2y$10$1Mivxl5cYqA9oPBVU1vPF.Tw1hbbz/rY4EnabqtnW0TYVQa5BzpCq', '2016-02-04 11:10:05', '2016-02-04 11:10:05', '2016-02-04 11:10:05'),
(121, 10, 'targetgroup_creative', 22, 'add', '', '', '21', '$2y$10$1Mivxl5cYqA9oPBVU1vPF.Tw1hbbz/rY4EnabqtnW0TYVQa5BzpCq', '2016-02-04 11:10:05', '2016-02-04 11:10:05', '2016-02-04 11:10:05'),
(122, 10, 'targetgroup_geolocation', 32, 'add', '', '', '21', '$2y$10$1Mivxl5cYqA9oPBVU1vPF.Tw1hbbz/rY4EnabqtnW0TYVQa5BzpCq', '2016-02-04 11:10:05', '2016-02-04 11:10:05', '2016-02-04 11:10:05'),
(123, 10, 'targetgroup_geolocation', 33, 'add', '', '', '21', '$2y$10$1Mivxl5cYqA9oPBVU1vPF.Tw1hbbz/rY4EnabqtnW0TYVQa5BzpCq', '2016-02-04 11:10:05', '2016-02-04 11:10:05', '2016-02-04 11:10:05'),
(124, 10, 'targetgroup_geolocation', 34, 'add', '', '', '21', '$2y$10$1Mivxl5cYqA9oPBVU1vPF.Tw1hbbz/rY4EnabqtnW0TYVQa5BzpCq', '2016-02-04 11:10:05', '2016-02-04 11:10:05', '2016-02-04 11:10:05'),
(125, 10, 'targetgroup_geolocation', 35, 'add', '', '', '21', '$2y$10$1Mivxl5cYqA9oPBVU1vPF.Tw1hbbz/rY4EnabqtnW0TYVQa5BzpCq', '2016-02-04 11:10:05', '2016-02-04 11:10:05', '2016-02-04 11:10:05'),
(126, 10, 'targetgroup_bwlist', 17, 'add', '', '', '21', '$2y$10$1Mivxl5cYqA9oPBVU1vPF.Tw1hbbz/rY4EnabqtnW0TYVQa5BzpCq', '2016-02-04 11:10:05', '2016-02-04 11:10:05', '2016-02-04 11:10:05'),
(127, 10, 'advertiser', 15, 'add', '', '', '', '$2y$10$dqub8bzbJ.i.AiDgK8pdROxYvYMC3uDV/qcnGw8UlyyIjaH/TorgW', '2016-02-04 11:14:03', '2016-02-04 11:14:03', '2016-02-04 11:14:03'),
(128, 10, 'targetgroup', 21, 'edit', 'name', 'fdgdrsd', 'fdgdrsd1', '$2y$10$IhjFdt2QGe99n9T2CovSq.YPRbq/v3Bw5DBqQVAvKhk2cz1Cuy902', '2016-02-04 11:15:13', '2016-02-04 11:15:13', '2016-02-04 11:15:13'),
(129, 10, 'targetgroup', 21, 'edit', 'Max Impression', '0', '21', '$2y$10$IhjFdt2QGe99n9T2CovSq.YPRbq/v3Bw5DBqQVAvKhk2cz1Cuy902', '2016-02-04 11:15:13', '2016-02-04 11:15:13', '2016-02-04 11:15:13'),
(130, 10, 'targetgroup', 21, 'edit', 'Daily max Impression', '0', '32', '$2y$10$IhjFdt2QGe99n9T2CovSq.YPRbq/v3Bw5DBqQVAvKhk2cz1Cuy902', '2016-02-04 11:15:13', '2016-02-04 11:15:13', '2016-02-04 11:15:13'),
(131, 10, 'targetgroup', 21, 'edit', 'Max Budget', '0', '23', '$2y$10$IhjFdt2QGe99n9T2CovSq.YPRbq/v3Bw5DBqQVAvKhk2cz1Cuy902', '2016-02-04 11:15:13', '2016-02-04 11:15:13', '2016-02-04 11:15:13'),
(132, 10, 'targetgroup', 21, 'edit', 'Daily Max Budget', '0', '23', '$2y$10$IhjFdt2QGe99n9T2CovSq.YPRbq/v3Bw5DBqQVAvKhk2cz1Cuy902', '2016-02-04 11:15:13', '2016-02-04 11:15:13', '2016-02-04 11:15:13'),
(133, 10, 'targetgroup', 21, 'edit', 'CPM', '0', '23', '$2y$10$IhjFdt2QGe99n9T2CovSq.YPRbq/v3Bw5DBqQVAvKhk2cz1Cuy902', '2016-02-04 11:15:13', '2016-02-04 11:15:13', '2016-02-04 11:15:13'),
(134, 10, 'targetgroup', 21, 'edit', 'Domain Name', 'sad.com', 'sad1.com', '$2y$10$IhjFdt2QGe99n9T2CovSq.YPRbq/v3Bw5DBqQVAvKhk2cz1Cuy902', '2016-02-04 11:15:13', '2016-02-04 11:15:13', '2016-02-04 11:15:13'),
(135, 10, 'targetgroup', 21, 'edit', 'Pacing Plan', '', '23', '$2y$10$IhjFdt2QGe99n9T2CovSq.YPRbq/v3Bw5DBqQVAvKhk2cz1Cuy902', '2016-02-04 11:15:13', '2016-02-04 11:15:13', '2016-02-04 11:15:13'),
(136, 10, 'targetgroup', 21, 'edit', 'Frequency In Sec', '0', '32', '$2y$10$IhjFdt2QGe99n9T2CovSq.YPRbq/v3Bw5DBqQVAvKhk2cz1Cuy902', '2016-02-04 11:15:13', '2016-02-04 11:15:13', '2016-02-04 11:15:13'),
(137, 10, 'targetgroup', 21, 'edit', 'Iab Category', '1', '2', '$2y$10$IhjFdt2QGe99n9T2CovSq.YPRbq/v3Bw5DBqQVAvKhk2cz1Cuy902', '2016-02-04 11:15:13', '2016-02-04 11:15:13', '2016-02-04 11:15:13'),
(138, 10, 'geosegment', 16, 'edit', 'status', 'Inactive', 'Active', '$2y$10$1y.PQnBmR.5L/.M.RTF6z.CYvxDy5eTEjL1Gyh0jamDbv2Ijysr1G', '2016-02-04 11:24:54', '2016-02-04 11:24:54', '2016-02-04 11:24:54'),
(139, 10, 'geosegment', 15, 'edit', 'status', 'Inactive', 'Active', '$2y$10$VdQZPxePH.SJu.0KA323tevkCdl3bD4o6WfAnivYRIp.nc2FPR3cS', '2016-02-04 11:24:55', '2016-02-04 11:24:55', '2016-02-04 11:24:55'),
(140, 10, 'geosegment', 15, 'edit', 'status', 'Active', 'Inactive', '$2y$10$akt6HNDeVuKWuWSdAeHkFeuqI/N.zMo4qle1j7xzZBTQ6RmxkFh46', '2016-02-04 11:24:56', '2016-02-04 11:24:56', '2016-02-04 11:24:56'),
(141, 1, 'creative', 2, 'edit', 'Name', 'aaa1s', 'aaa1sss', '$2y$10$7u.Tu1NS6yRinP72Ji2UROa1BugaejC9zAiS3e1fVGYUv4MriXPHS', '2016-02-06 11:10:39', '2016-02-06 11:10:39', '2016-02-06 11:10:39'),
(142, 1, 'creative', 5, 'edit', 'status', 'Active', 'Inactive', '$2y$10$VBznFJnItVjlwcUSv0EseezVPO2DmQ/omj56q4ReITvwCHQd1GzLm', '2016-02-06 11:10:52', '2016-02-06 11:10:52', '2016-02-06 11:10:52'),
(143, 1, 'creative', 5, 'edit', 'status', 'Inactive', 'Active', '$2y$10$06V/NnYu9Q6A8hhB1PivUu603VxBUsKXzMWw2GW3nq4UPITiv.vyW', '2016-02-06 11:10:53', '2016-02-06 11:10:53', '2016-02-06 11:10:53'),
(144, 1, 'modelTable', 4, 'edit', 'Name', 'test11112', 'test111121', '$2y$10$fypWA7zSpoYXnw3Ki80BQOVYBjvvLaTANz/uFSMUp858ksSfEq1ny', '2016-02-06 11:13:58', '2016-02-06 11:13:58', '2016-02-06 11:13:58'),
(145, 1, 'campaign', 3, 'edit', 'Name', 'fsdf111121', 'fsdf1111211', '$2y$10$oAc9yfx1MccIhUpRJscKgeDRBx0tiId3ZQjuMOSckeCJqm28jIOgq', '2016-02-06 13:39:19', '2016-02-06 13:39:19', '2016-02-06 13:39:19'),
(146, 1, 'inventory', 1, 'edit', 'Name', 'inv1', 'inv11', '$2y$10$dJs0m8APaRghen6yOXr95evumBNOp7IxjI3bd8maec0eiF7hyKTWu', '2016-02-07 11:01:12', '2016-02-07 11:01:12', '2016-02-07 11:01:12'),
(147, 1, 'inventory', 1, 'edit', 'Type', 'type', 'type1', '$2y$10$dJs0m8APaRghen6yOXr95evumBNOp7IxjI3bd8maec0eiF7hyKTWu', '2016-02-07 11:01:12', '2016-02-07 11:01:12', '2016-02-07 11:01:12'),
(148, 1, 'inventory', 1, 'edit', 'Category', 'cat', 'cat1', '$2y$10$dJs0m8APaRghen6yOXr95evumBNOp7IxjI3bd8maec0eiF7hyKTWu', '2016-02-07 11:01:12', '2016-02-07 11:01:12', '2016-02-07 11:01:12'),
(149, 1, 'inventory', 1, 'edit', 'Daily Limit', '23', '231', '$2y$10$dJs0m8APaRghen6yOXr95evumBNOp7IxjI3bd8maec0eiF7hyKTWu', '2016-02-07 11:01:12', '2016-02-07 11:01:12', '2016-02-07 11:01:12'),
(150, 1, 'pixel', 2, 'edit', 'name', 'pixle111', 'pixle1111', '$2y$10$h2Xl2RxHaVAXi15NVe4/i.bO6s.TNxH6GyLn8QByZ3wv8Xk.W9d.q', '2016-02-07 13:43:17', '2016-02-07 13:43:17', '2016-02-07 13:43:17'),
(151, 1, 'pixel', 3, 'edit', 'name', 'pixle 1 bing', 'pixle 1 bing1', '$2y$10$jYorJ1H9e1nT48lJxtZq2u/wKGggziF1IRaEzTqclBUE0kTP//p12', '2016-02-07 13:43:22', '2016-02-07 13:43:22', '2016-02-07 13:43:22'),
(152, 1, 'offer', 1, 'edit', 'Name', 'offer1234', 'offer12341', '$2y$10$e7R10mK2R.WENC90Zpvv6.0oMlRnU7gTMx/Mw57ps.9Y0IbGbyZOC', '2016-02-07 13:45:29', '2016-02-07 13:45:29', '2016-02-07 13:45:29'),
(153, 1, 'modelTable', 1, 'edit', 'Name', 'aaa', 'aaa1', '$2y$10$k.SwKHIC2g.ts.r8AcScouyZHJz9cZ1mlG9iD0fbCKz5jpdOiTGfO', '2016-02-07 13:46:27', '2016-02-07 13:46:27', '2016-02-07 13:46:27'),
(154, 1, 'geosegment', 7, 'edit', 'Name', 'aaaaaaaasdasdas', '111', '$2y$10$5zXNgLqv.sGSOaQFqzj4f.p0G3KrzPLu0kyPo.gtMUb7tbYOzqZDi', '2016-02-07 13:58:22', '2016-02-07 13:58:22', '2016-02-07 13:58:22'),
(155, 1, 'campaign', 1, 'edit', 'Name', 'shomare 1', 'shomare 11', '$2y$10$Qf0jYShsLNRNYuz5H51hmOJ8HuWeB83XhkETEImOAFckg.BmhzDP6', '2016-02-07 14:12:23', '2016-02-07 14:12:23', '2016-02-07 14:12:23'),
(156, 1, 'geosegment', 7, 'edit', 'Name', '111', '112', '$2y$10$mcsGWRTqnYI66jWjf4n8JelJ05z3t808dNkvCJEgSfpBDRvy3W4.m', '2016-02-07 14:42:59', '2016-02-07 14:42:59', '2016-02-07 14:42:59'),
(157, 1, 'campaign', 1, 'edit', 'Name', 'shomare 11', 'shomare 1112', '$2y$10$ShJrJi0cPduMV0v9EjhN/ewzMDb7GmpbYP1AlL5S3kPu6.iP478Dq', '2016-02-07 14:48:45', '2016-02-07 14:48:45', '2016-02-07 14:48:45'),
(158, 1, 'modelTable', 1, 'edit', 'Name', 'aaa1', 'aaa123', '$2y$10$LbVOLG7hI9UtTKjVJkKe3.qm0k18rIADlnFj9/7yd2iejRslvVf1m', '2016-02-07 14:48:52', '2016-02-07 14:48:52', '2016-02-07 14:48:52'),
(159, 1, 'pixel', 2, 'edit', 'name', 'pixle1111', 'pixle11112', '$2y$10$14ptK4hLEV7TTwKtLSqE9OTBMiMGuTmpxnuIH9CNSXDWEhW7LOgoG', '2016-02-07 14:49:04', '2016-02-07 14:49:04', '2016-02-07 14:49:04'),
(160, 1, 'offer', 1, 'edit', 'Name', 'offer12341', 'offer123412', '$2y$10$1N7pIpQWJ3umOsxJmGwWweIycqP3NHenDOfA5HvO41jF6YKOmu3E.', '2016-02-07 14:49:11', '2016-02-07 14:49:12', '2016-02-07 14:49:12'),
(161, 1, 'creative', 2, 'edit', 'Name', 'aaa1sss', 'aaa1sss3', '$2y$10$gMWZQm266iphR7Zi7kwA0e3c4ywuuPD12dgfbwU9qSIIPHbCuY3fS', '2016-02-07 14:49:21', '2016-02-07 14:49:21', '2016-02-07 14:49:21'),
(162, 1, 'campaign', 3, 'edit', 'Name', 'fsdf111121', 'fsdf1111212', '$2y$10$4kUCGkxXg/Z88vrNHKGVxOQ5yp1DBFcOxnviiXPMxugngcMjfzoEO', '2016-02-07 14:49:28', '2016-02-07 14:49:28', '2016-02-07 14:49:28'),
(163, 1, 'advertiser', 2, 'edit', 'Name', 'adv_2', 'adv_23', '$2y$10$pAX0xL8PmhPg7yliuPzx3ODyYickMLuPpvbGOnNfMXNpv1kyuZnbq', '2016-02-07 14:49:35', '2016-02-07 14:49:35', '2016-02-07 14:49:35'),
(164, 1, 'targetgroup_segment_map', 2, 'add', '', '', '20', '$2y$10$OIZuIShGUu/ZZTo7kj7LA.3AP89UwH/5.YQU772lAe.QFnwTTEnqq', '2016-02-08 12:26:03', '2016-02-08 12:26:03', '2016-02-08 12:26:03'),
(165, 1, 'creative', 2, 'edit', 'Ad Type', '', 'IFRAME', '$2y$10$0.tyEfNMyyGzphjH5pgPK.noYgwE4JXzvN30TlTh1LE887f6mJzum', '2016-02-08 14:14:24', '2016-02-08 14:14:24', '2016-02-08 14:14:24'),
(166, 1, 'creative', 2, 'edit', 'Domain Name', 'aaaas', 'aaaas.com', '$2y$10$0.tyEfNMyyGzphjH5pgPK.noYgwE4JXzvN30TlTh1LE887f6mJzum', '2016-02-08 14:14:24', '2016-02-08 14:14:24', '2016-02-08 14:14:24'),
(167, 1, 'creative', 2, 'edit', 'AD Tag', 'asd', '                                                                asd', '$2y$10$0.tyEfNMyyGzphjH5pgPK.noYgwE4JXzvN30TlTh1LE887f6mJzum', '2016-02-08 14:14:24', '2016-02-08 14:14:24', '2016-02-08 14:14:24'),
(168, 1, 'creative', 2, 'edit', 'API', '', '["VPAID_1.0","VPAID_2.0","MRAID-1"]', '$2y$10$BisJZWvptyR4k1MMHkUHX.oTmBshiyEq1u.OLtYEmC6NN/e4IEI/a', '2016-02-08 15:38:59', '2016-02-08 15:38:59', '2016-02-08 15:38:59'),
(169, 1, 'creative', 2, 'edit', 'AD Tag', '                                                                asd', '                                                                                                                                asd', '$2y$10$BisJZWvptyR4k1MMHkUHX.oTmBshiyEq1u.OLtYEmC6NN/e4IEI/a', '2016-02-08 15:38:59', '2016-02-08 15:38:59', '2016-02-08 15:38:59'),
(170, 1, 'targetgroup', 21, 'edit', 'Ad Position', '', 'null', '$2y$10$8xDXUpS0fV7m7nHQ2xvy1OtzGOghQ51pcATvJnsneKmSOgCF357Aa', '2016-02-08 16:08:06', '2016-02-08 16:08:06', '2016-02-08 16:08:06'),
(171, 1, 'targetgroup', 21, 'edit', 'Ad Position', 'null', '["Any","Above_the_Fold","Below_the_Fold"]', '$2y$10$wEQ.MkKXAWFxzxapKAdsOOIPtX0QRyWRxw6bSw2zYW2JMqD8dlqOa', '2016-02-08 16:08:59', '2016-02-08 16:08:59', '2016-02-08 16:08:59');

-- --------------------------------------------------------

--
-- Table structure for table `bwentries`
--

CREATE TABLE IF NOT EXISTS `bwentries` (
  `id` int(10) unsigned NOT NULL,
  `domain_name` varchar(100) COLLATE utf8_unicode_ci NOT NULL,
  `bwlist_id` int(10) unsigned NOT NULL,
  `created_at` timestamp NOT NULL DEFAULT '0000-00-00 00:00:00',
  `updated_at` timestamp NOT NULL DEFAULT '0000-00-00 00:00:00'
) ENGINE=InnoDB AUTO_INCREMENT=174 DEFAULT CHARSET=utf8 COLLATE=utf8_unicode_ci;

--
-- Dumping data for table `bwentries`
--

INSERT INTO `bwentries` (`id`, `domain_name`, `bwlist_id`, `created_at`, `updated_at`) VALUES
(2, 'ssss', 2, '2015-11-20 12:38:15', '2015-11-20 12:38:15'),
(3, 'dddd', 2, '2015-11-20 12:38:15', '2015-11-20 12:38:15'),
(4, 'ffff', 2, '2015-11-20 12:38:15', '2015-11-20 12:38:15'),
(5, 'gggg', 2, '2015-11-20 12:38:15', '2015-11-20 12:38:15'),
(12, '', 5, '2015-11-20 12:54:09', '2015-11-20 12:54:09'),
(13, '', 6, '2015-11-20 12:54:17', '2015-11-20 12:54:17'),
(14, '', 7, '2015-11-20 12:56:12', '2015-11-20 12:56:12'),
(22, 'cnn.com', 8, '2015-11-21 13:12:46', '2015-11-21 13:12:46'),
(23, 'bb.com', 8, '2015-11-21 13:12:46', '2015-11-21 13:12:46'),
(24, 'kk.com', 8, '2015-11-21 13:12:46', '2015-11-21 13:12:46'),
(50, 'fff.com', 17, '2015-11-28 13:13:17', '2015-11-28 13:13:17'),
(51, 'ddd.com', 17, '2015-11-28 13:13:17', '2015-11-28 13:13:17'),
(53, 'asdasdasdas', 17, '2015-11-29 10:42:09', '2015-11-29 10:42:09'),
(54, 'ddd.com', 17, '2015-11-29 10:48:38', '2015-11-29 10:48:38'),
(57, 'asdasdasd.com', 17, '2015-11-29 10:58:10', '2015-11-29 10:58:10'),
(58, 'asdas.com', 17, '2015-11-29 10:58:52', '2015-11-29 10:58:52'),
(59, 'alisss.com', 17, '2015-11-29 10:59:59', '2015-11-29 10:59:59'),
(60, 'asd.com', 17, '2015-11-29 11:03:53', '2015-11-29 11:03:53'),
(61, 'asdsadas.com', 17, '2015-11-29 11:04:46', '2015-11-29 11:04:46'),
(62, 'sssssssss.com', 17, '2015-11-29 11:09:43', '2015-11-29 11:09:43'),
(63, 'alooo.com', 17, '2015-11-29 11:15:21', '2015-11-29 11:15:21'),
(64, 'asdsdas.com', 17, '2015-11-29 11:20:11', '2015-11-29 11:20:11'),
(65, 'aajj.com', 17, '2015-11-29 11:22:14', '2015-11-29 11:22:14'),
(66, 'asd22asd.com', 17, '2015-11-29 11:23:16', '2015-11-29 11:23:16'),
(67, 'asd22asd.com', 17, '2015-11-29 11:23:40', '2015-11-29 11:23:40'),
(68, 'ssss.com', 17, '2015-11-29 11:24:22', '2015-11-29 11:24:22'),
(69, 'sadasd.com', 17, '2015-11-29 11:25:55', '2015-11-29 11:25:55'),
(70, 'aad22.com', 17, '2015-11-29 11:27:19', '2015-11-29 11:27:19'),
(71, 'aa.com', 17, '2015-11-29 11:28:11', '2015-11-29 11:28:11'),
(72, 'aaa.com', 17, '2015-11-29 11:28:45', '2015-11-29 11:28:45'),
(73, 'aaa.com', 17, '2015-11-29 11:28:55', '2015-11-29 11:28:55'),
(74, 'a.com', 17, '2015-11-29 11:30:14', '2015-11-29 11:30:14'),
(75, 'ssss.com', 17, '2015-11-29 11:31:29', '2015-11-29 11:31:29'),
(76, 'aaaa.com', 17, '2015-11-29 11:38:17', '2015-11-29 11:38:17'),
(77, '', 18, '2015-12-05 12:29:45', '2015-12-05 12:29:45'),
(78, 'asdasd.com', 17, '2015-12-06 08:04:08', '2015-12-06 08:04:08'),
(79, 'asd.com', 17, '2015-12-06 10:36:59', '2015-12-06 10:36:59'),
(80, 'asd.com', 17, '2015-12-06 10:37:17', '2015-12-06 10:37:17'),
(81, 'asd.com', 17, '2015-12-06 10:37:56', '2015-12-06 10:37:56'),
(82, 'asdasd.com', 17, '2015-12-06 10:38:51', '2015-12-06 10:38:51'),
(83, 'a123sd.com', 17, '2015-12-06 10:39:07', '2015-12-06 10:39:07'),
(84, 'asdc.com', 17, '2015-12-06 10:47:33', '2015-12-06 10:47:33'),
(85, 'asd.com', 17, '2015-12-06 10:49:11', '2015-12-06 10:49:11'),
(86, 'asd.com', 17, '2015-12-06 10:50:43', '2015-12-06 10:50:43'),
(87, 'asd.com', 17, '2015-12-06 10:51:42', '2015-12-06 10:51:42'),
(88, 'aaa.com', 17, '2015-12-06 10:52:23', '2015-12-06 10:52:23'),
(94, 'asldashdasjkd.com', 3, '2015-12-06 11:48:51', '2015-12-06 11:48:51'),
(95, 'sadasd.com', 3, '2015-12-06 11:49:41', '2015-12-06 11:49:41'),
(96, 'asdasd.com', 3, '2015-12-06 11:50:08', '2015-12-06 11:50:08'),
(97, 'sdasdasd.com', 3, '2015-12-06 11:50:46', '2015-12-06 11:50:46'),
(98, 'asdasd.com', 3, '2015-12-06 11:52:53', '2015-12-06 11:52:53'),
(149, 'asdaasdasd123123s3123s.com', 17, '2015-12-15 07:21:18', '2016-01-27 12:39:34'),
(150, 'kasjd.com', 19, '2016-01-18 15:25:21', '2016-01-18 15:25:21'),
(151, 'asdasd.com', 19, '2016-01-18 15:25:21', '2016-01-18 15:25:21'),
(152, 'aasdewq.com', 19, '2016-01-18 15:25:21', '2016-01-18 15:25:21'),
(153, 'asdwqeqwe.com', 19, '2016-01-18 15:25:21', '2016-01-18 15:25:21'),
(154, 'asdas.com', 19, '2016-01-18 17:43:37', '2016-01-18 17:43:37'),
(155, 'as1dasd.com', 17, '2016-01-27 12:41:17', '2016-01-27 13:19:21'),
(156, 'asdasd.com', 17, '2016-01-27 13:19:27', '2016-01-27 13:19:27'),
(157, 'asdsadasd.com', 17, '2016-01-27 13:20:40', '2016-01-27 13:20:40'),
(158, 'sadsss.com', 17, '2016-01-27 13:21:42', '2016-01-27 13:21:42'),
(159, 'asdasdasdas.com', 17, '2016-01-27 13:23:56', '2016-01-27 13:23:56'),
(160, 'ab1c.com', 20, '2016-02-04 10:49:27', '2016-02-04 10:49:39'),
(161, 'abc1.com', 20, '2016-02-04 10:49:27', '2016-02-04 10:49:27'),
(162, 'all.com', 20, '2016-02-04 10:50:09', '2016-02-04 10:50:09'),
(163, 'abcw.com', 21, '2016-02-04 10:50:37', '2016-02-04 10:50:37'),
(164, 'abcwq2.com', 21, '2016-02-04 10:50:37', '2016-02-04 10:50:37'),
(165, 'asdas.com', 22, '2016-02-04 11:05:11', '2016-02-04 11:05:11'),
(166, 'asdasd.com', 22, '2016-02-04 11:05:11', '2016-02-04 11:05:11'),
(167, 'ttee.com', 22, '2016-02-04 11:05:11', '2016-02-04 11:05:11'),
(168, 'yutei.com', 23, '2016-02-04 11:05:35', '2016-02-04 11:05:35'),
(169, 'sydtgjas.ir', 23, '2016-02-04 11:05:35', '2016-02-04 11:05:35'),
(170, 'asdgkajd.org', 23, '2016-02-04 11:05:35', '2016-02-04 11:05:35'),
(171, 'cnn.com', 24, '2016-02-04 11:20:01', '2016-02-04 11:20:01'),
(172, 'fff.com', 24, '2016-02-04 11:20:01', '2016-02-04 11:20:01'),
(173, 'ddd.com', 24, '2016-02-04 11:20:01', '2016-02-04 11:20:01');

-- --------------------------------------------------------

--
-- Table structure for table `bwlist`
--

CREATE TABLE IF NOT EXISTS `bwlist` (
  `id` int(10) unsigned NOT NULL,
  `name` varchar(100) COLLATE utf8_unicode_ci NOT NULL,
  `status` varchar(15) COLLATE utf8_unicode_ci NOT NULL,
  `list_type` varchar(100) COLLATE utf8_unicode_ci NOT NULL,
  `advertiser_id` int(10) unsigned NOT NULL,
  `created_at` timestamp NOT NULL DEFAULT '0000-00-00 00:00:00',
  `updated_at` timestamp NOT NULL DEFAULT '0000-00-00 00:00:00'
) ENGINE=InnoDB AUTO_INCREMENT=25 DEFAULT CHARSET=utf8 COLLATE=utf8_unicode_ci;

--
-- Dumping data for table `bwlist`
--

INSERT INTO `bwlist` (`id`, `name`, `status`, `list_type`, `advertiser_id`, `created_at`, `updated_at`) VALUES
(1, 'shomare 1112', 'Active', 'black', 4, '2015-11-20 12:37:03', '2016-02-07 14:48:45'),
(2, 'sdafasdf', 'Active', 'black', 4, '2015-11-20 12:38:15', '2015-11-20 12:38:15'),
(3, 'sdafasdf', 'Active', 'white', 4, '2015-11-20 12:43:21', '2015-11-20 12:43:21'),
(5, 'aa', 'Active', 'black', 8, '2015-11-20 12:54:09', '2015-11-20 12:54:09'),
(6, 'aa', 'Active', 'black', 8, '2015-11-20 12:54:17', '2015-11-20 12:54:17'),
(7, 'aa', 'Active', 'white', 8, '2015-11-20 12:56:12', '2015-11-20 12:56:12'),
(8, 'ali', 'Active', 'white', 8, '2015-11-21 13:12:34', '2015-11-21 13:12:34'),
(17, 'alireza2', 'Active', 'white', 8, '2015-11-28 13:13:17', '2016-01-26 11:08:33'),
(18, 'alio1', 'Disable', 'black', 9, '2015-12-05 12:29:45', '2016-01-30 12:33:04'),
(19, 'reza', 'Active', 'black', 6, '2016-01-18 15:25:21', '2016-01-26 11:08:31'),
(20, 'bwlist 1 abc', 'Disable', 'black', 14, '2016-02-04 10:49:27', '2016-02-04 10:52:07'),
(21, 'bwlist 1 abc w', 'Active', 'white', 14, '2016-02-04 10:50:37', '2016-02-04 10:52:08'),
(22, 'bwlist 3 abc', 'Active', 'black', 13, '2016-02-04 11:05:11', '2016-02-04 11:05:11'),
(23, 'bwlist 4 abc', 'Active', 'white', 13, '2016-02-04 11:05:35', '2016-02-04 11:05:35'),
(24, 'alireza', '', 'black', 13, '2016-02-04 11:20:01', '2016-02-04 11:20:01');

-- --------------------------------------------------------

--
-- Table structure for table `campaign`
--

CREATE TABLE IF NOT EXISTS `campaign` (
  `id` int(10) unsigned NOT NULL,
  `name` varchar(100) COLLATE utf8_unicode_ci NOT NULL,
  `advertiser_id` int(10) unsigned NOT NULL,
  `description` varchar(255) COLLATE utf8_unicode_ci NOT NULL,
  `status` varchar(15) COLLATE utf8_unicode_ci NOT NULL DEFAULT 'Inactive',
  `max_impression` int(11) NOT NULL,
  `daily_max_impression` int(11) NOT NULL,
  `max_budget` int(11) NOT NULL,
  `daily_max_budget` int(11) NOT NULL,
  `cpm` int(11) NOT NULL,
  `advertiser_domain` varchar(255) COLLATE utf8_unicode_ci NOT NULL,
  `start_date` timestamp NOT NULL DEFAULT '0000-00-00 00:00:00',
  `end_date` timestamp NOT NULL DEFAULT '0000-00-00 00:00:00',
  `advertiser_domain_name` varchar(255) COLLATE utf8_unicode_ci NOT NULL,
  `created_at` timestamp NOT NULL DEFAULT '0000-00-00 00:00:00',
  `updated_at` timestamp NOT NULL DEFAULT '0000-00-00 00:00:00'
) ENGINE=InnoDB AUTO_INCREMENT=13 DEFAULT CHARSET=utf8 COLLATE=utf8_unicode_ci;

--
-- Dumping data for table `campaign`
--

INSERT INTO `campaign` (`id`, `name`, `advertiser_id`, `description`, `status`, `max_impression`, `daily_max_impression`, `max_budget`, `daily_max_budget`, `cpm`, `advertiser_domain`, `start_date`, `end_date`, `advertiser_domain_name`, `created_at`, `updated_at`) VALUES
(3, 'fsdf111121', 4, 'asdas', 'Active', 13123, 2342, 34231, 4234, 234, '', '2015-11-09 14:32:32', '2015-11-25 14:32:32', '234', '2015-10-14 11:38:02', '2015-12-20 11:34:48'),
(4, 'asdasd', 4, 'asd asd a', 'Inactive', 2332, 2323, 2222, 2222, 222, '', '2016-01-06 08:14:25', '2016-01-14 08:14:25', '222', '2015-10-23 10:07:43', '2016-01-27 13:56:42'),
(5, '111111112', 6, 'asdasd3', 'Active', 2223123, 2223123, 2223123, 223123, 22332, '', '0000-00-00 00:00:00', '0000-00-00 00:00:00', 'asdas1', '2015-11-07 13:02:52', '2016-02-02 08:59:28'),
(6, 'aaaaaaaa', 4, '', 'Active', 2147483647, 2147483647, 2234123, 2123, 2147483647, '', '2016-01-18 12:32:38', '2016-01-30 12:32:38', 'aaaaaaa', '2015-11-17 07:42:08', '2016-02-02 08:59:22'),
(7, 'asd', 8, '', 'Active', 123, 123, 123, 123, 123, '', '0000-00-00 00:00:00', '0000-00-00 00:00:00', '123', '2015-11-17 09:31:34', '2015-11-17 09:31:34'),
(9, 'asd asd', 9, '', 'Active', 0, 0, 0, 0, 0, '', '0000-00-00 00:00:00', '0000-00-00 00:00:00', 'as das ', '2015-11-17 12:38:53', '2015-11-17 12:38:53'),
(10, 'CMP_1_bing', 12, '2222', '', 1, 2, 3, 4, 5, '', '2016-02-02 11:46:19', '2016-02-18 11:46:19', 'bing.com', '2016-02-02 11:13:38', '2016-02-02 11:13:38'),
(12, 'camp 1 abc1', 13, '', 'Inactive', 19, 29, 39, 49, 59, '', '2016-02-05 10:18:31', '2016-02-29 10:18:31', 'cmpab1c.com', '2016-02-04 10:17:34', '2016-02-04 10:18:31');

-- --------------------------------------------------------

--
-- Table structure for table `campaign_realtime_info`
--

CREATE TABLE IF NOT EXISTS `campaign_realtime_info` (
  `id` int(10) unsigned NOT NULL,
  `campaign_id` int(10) unsigned NOT NULL,
  `today_date` varchar(255) COLLATE utf8_unicode_ci NOT NULL,
  `impressions_shown_today_until_now` int(11) NOT NULL,
  `total_impression_show_until_now` int(11) NOT NULL,
  `daily_budget_spent_today_until_now` decimal(8,2) NOT NULL,
  `total_budget_spent_until_now` decimal(8,2) NOT NULL,
  `last_time_ad_shown` timestamp NOT NULL DEFAULT '0000-00-00 00:00:00',
  `created_at` timestamp NOT NULL DEFAULT '0000-00-00 00:00:00',
  `updated_at` timestamp NOT NULL DEFAULT '0000-00-00 00:00:00'
) ENGINE=InnoDB AUTO_INCREMENT=2 DEFAULT CHARSET=utf8 COLLATE=utf8_unicode_ci;

--
-- Dumping data for table `campaign_realtime_info`
--

INSERT INTO `campaign_realtime_info` (`id`, `campaign_id`, `today_date`, `impressions_shown_today_until_now`, `total_impression_show_until_now`, `daily_budget_spent_today_until_now`, `total_budget_spent_until_now`, `last_time_ad_shown`, `created_at`, `updated_at`) VALUES
(1, 3, '', 12, 32, '654.20', '123.22', '2016-02-08 01:46:22', '0000-00-00 00:00:00', '0000-00-00 00:00:00');

-- --------------------------------------------------------

--
-- Table structure for table `client`
--

CREATE TABLE IF NOT EXISTS `client` (
  `id` int(10) unsigned NOT NULL,
  `user_id` int(10) unsigned NOT NULL,
  `name` varchar(255) COLLATE utf8_unicode_ci NOT NULL,
  `company` varchar(255) COLLATE utf8_unicode_ci NOT NULL,
  `created_at` timestamp NOT NULL DEFAULT '0000-00-00 00:00:00',
  `updated_at` timestamp NOT NULL DEFAULT '0000-00-00 00:00:00'
) ENGINE=InnoDB AUTO_INCREMENT=28 DEFAULT CHARSET=utf8 COLLATE=utf8_unicode_ci;

--
-- Dumping data for table `client`
--

INSERT INTO `client` (`id`, `user_id`, `name`, `company`, `created_at`, `updated_at`) VALUES
(1, 1, 'pepsiasd1235', 'pepsi company', '0000-00-00 00:00:00', '2016-02-07 14:49:42'),
(2, 1, 'cocacola', 'cocacola company', '0000-00-00 00:00:00', '0000-00-00 00:00:00'),
(3, 7, 'alireza_pepsi', 'aaa', '2015-10-08 11:47:15', '2015-10-08 11:47:15'),
(4, 3, 'ali1', 'ssss', '2015-10-08 11:50:08', '2016-02-02 08:57:38'),
(19, 8, 'client_bing', '', '2016-02-02 10:54:33', '2016-02-02 10:54:33'),
(20, 1, 'asdasd', '', '2016-02-02 12:29:05', '2016-02-02 12:29:05'),
(21, 1, 'sadasd1234', '', '2016-02-02 12:29:13', '2016-02-02 12:29:13'),
(22, 1, 'asdasd34', '', '2016-02-02 12:29:17', '2016-02-02 12:29:17'),
(23, 1, 'asdas', '', '2016-02-02 12:29:20', '2016-02-02 12:29:20'),
(24, 1, 'fdsfsd', '', '2016-02-02 12:29:27', '2016-02-02 12:29:27'),
(25, 1, 'erwrw', '', '2016-02-02 12:29:30', '2016-02-02 12:29:30'),
(26, 1, 'asdasr', '', '2016-02-02 12:29:32', '2016-02-02 12:29:32'),
(27, 10, 'clientTestAmir2016JanuaryTest', '', '2016-02-04 09:54:10', '2016-02-04 09:54:10');

-- --------------------------------------------------------

--
-- Table structure for table `company`
--

CREATE TABLE IF NOT EXISTS `company` (
  `id` int(10) unsigned NOT NULL,
  `name` varchar(100) COLLATE utf8_unicode_ci NOT NULL,
  `created_at` timestamp NOT NULL DEFAULT '0000-00-00 00:00:00',
  `updated_at` timestamp NOT NULL DEFAULT '0000-00-00 00:00:00'
) ENGINE=InnoDB AUTO_INCREMENT=5 DEFAULT CHARSET=utf8 COLLATE=utf8_unicode_ci;

--
-- Dumping data for table `company`
--

INSERT INTO `company` (`id`, `name`, `created_at`, `updated_at`) VALUES
(1, 'Google', '0000-00-00 00:00:00', '2016-02-04 07:59:23'),
(2, 'Apple', '0000-00-00 00:00:00', '0000-00-00 00:00:00'),
(3, 'Bing', '0000-00-00 00:00:00', '0000-00-00 00:00:00'),
(4, 'ABC', '2016-02-04 09:49:00', '2016-02-04 09:49:00');

-- --------------------------------------------------------

--
-- Table structure for table `creative`
--

CREATE TABLE IF NOT EXISTS `creative` (
  `id` int(10) unsigned NOT NULL,
  `name` varchar(100) COLLATE utf8_unicode_ci NOT NULL,
  `advertiser_id` int(10) unsigned NOT NULL,
  `description` varchar(255) COLLATE utf8_unicode_ci NOT NULL,
  `status` varchar(15) COLLATE utf8_unicode_ci NOT NULL DEFAULT 'Inactive',
  `ad_tag` text COLLATE utf8_unicode_ci NOT NULL,
  `api` varchar(45) COLLATE utf8_unicode_ci NOT NULL,
  `ad_type` varchar(45) COLLATE utf8_unicode_ci NOT NULL,
  `landing_page_url` text COLLATE utf8_unicode_ci NOT NULL,
  `preview_url` text COLLATE utf8_unicode_ci NOT NULL,
  `size` varchar(30) COLLATE utf8_unicode_ci NOT NULL,
  `is_secure` tinyint(1) NOT NULL,
  `attributes` text COLLATE utf8_unicode_ci NOT NULL,
  `advertiser_domain_name` varchar(255) COLLATE utf8_unicode_ci NOT NULL,
  `created_at` timestamp NOT NULL DEFAULT '0000-00-00 00:00:00',
  `updated_at` timestamp NOT NULL DEFAULT '0000-00-00 00:00:00'
) ENGINE=InnoDB AUTO_INCREMENT=9 DEFAULT CHARSET=utf8 COLLATE=utf8_unicode_ci;

--
-- Dumping data for table `creative`
--

INSERT INTO `creative` (`id`, `name`, `advertiser_id`, `description`, `status`, `ad_tag`, `api`, `ad_type`, `landing_page_url`, `preview_url`, `size`, `is_secure`, `attributes`, `advertiser_domain_name`, `created_at`, `updated_at`) VALUES
(2, 'aaa1sss3', 8, '', 'Active', '                                                                                                                                asd', '["VPAID_1.0","VPAID_2.0","MRAID-1"]', 'IFRAME', 'ads1', 'adsa', '23x232', 0, 'asd', 'aaaas.com', '2015-11-17 10:07:22', '2016-02-08 15:38:59'),
(5, 'as32423d1', 4, '12311', 'Active', '2131324', '', '', '1231234', '1231234', '1231x231', 0, '1231234', '1231', '2015-10-23 06:15:09', '2016-02-06 11:10:53'),
(7, 'creative 1 Bing', 12, 'as da', '', 'asdsad', '', '', 'sad asd', ' asd as asd', '23x23', 0, 'asdasd', 'bingCrt.com', '2016-02-02 12:03:42', '2016-02-02 12:03:42'),
(8, 'crt 1 abc1', 13, '', 'Inactive', 'jdfg aksjgsjasjkasjasklj  f f f f', '', '', 'sdfas dfs1', 'dsfsd9', '2399x239', 0, 'zsdf9', 'crtab1.com', '2016-02-04 10:24:09', '2016-02-04 10:27:17');

-- --------------------------------------------------------

--
-- Table structure for table `geolocation`
--

CREATE TABLE IF NOT EXISTS `geolocation` (
  `id` int(10) unsigned NOT NULL,
  `country` varchar(50) COLLATE utf8_unicode_ci NOT NULL,
  `code` varchar(50) COLLATE utf8_unicode_ci NOT NULL,
  `state` varchar(50) COLLATE utf8_unicode_ci NOT NULL,
  `city` varchar(50) COLLATE utf8_unicode_ci NOT NULL,
  `created_at` timestamp NOT NULL DEFAULT '0000-00-00 00:00:00',
  `updated_at` timestamp NOT NULL DEFAULT '0000-00-00 00:00:00'
) ENGINE=InnoDB AUTO_INCREMENT=60 DEFAULT CHARSET=utf8 COLLATE=utf8_unicode_ci;

--
-- Dumping data for table `geolocation`
--

INSERT INTO `geolocation` (`id`, `country`, `code`, `state`, `city`, `created_at`, `updated_at`) VALUES
(1, 'United States', 'AL', 'Alabama', '', '2016-01-20 18:37:51', '2016-01-20 18:37:51'),
(2, 'United States', 'AK', 'Alaska', '', '2016-01-20 18:37:51', '2016-01-20 18:37:51'),
(3, 'United States', 'AS', 'American Samoa', '', '2016-01-20 18:37:51', '2016-01-20 18:37:51'),
(4, 'United States', 'AZ', 'Arizona', '', '2016-01-20 18:37:51', '2016-01-20 18:37:51'),
(5, 'United States', 'AR', 'Arkansas', '', '2016-01-20 18:37:51', '2016-01-20 18:37:51'),
(6, 'United States', 'CA', 'California', '', '2016-01-20 18:37:51', '2016-01-20 18:37:51'),
(7, 'United States', 'CO', 'Colorado', '', '2016-01-20 18:37:51', '2016-01-20 18:37:51'),
(8, 'United States', 'CT', 'Connecticut', '', '2016-01-20 18:37:51', '2016-01-20 18:37:51'),
(9, 'United States', 'DE', 'Delaware', '', '2016-01-20 18:37:51', '2016-01-20 18:37:51'),
(10, 'United States', 'DC', 'District of Columbia', '', '2016-01-20 18:37:51', '2016-01-20 18:37:51'),
(11, 'United States', 'FM', 'Federated States of Micronesia', '', '2016-01-20 18:37:51', '2016-01-20 18:37:51'),
(12, 'United States', 'FL', 'Florida', '', '2016-01-20 18:37:51', '2016-01-20 18:37:51'),
(13, 'United States', 'GA', 'Georgia', '', '2016-01-20 18:37:51', '2016-01-20 18:37:51'),
(14, 'United States', 'GU', 'Guam', '', '2016-01-20 18:37:51', '2016-01-20 18:37:51'),
(15, 'United States', 'HI', 'Hawaii', '', '2016-01-20 18:37:51', '2016-01-20 18:37:51'),
(16, 'United States', 'ID', 'Idaho', '', '2016-01-20 18:37:51', '2016-01-20 18:37:51'),
(17, 'United States', 'IL', 'Illinois', '', '2016-01-20 18:37:51', '2016-01-20 18:37:51'),
(18, 'United States', 'IN', 'Indiana', '', '2016-01-20 18:37:51', '2016-01-20 18:37:51'),
(19, 'United States', 'IA', 'Iowa', '', '2016-01-20 18:37:51', '2016-01-20 18:37:51'),
(20, 'United States', 'KS', 'Kansas', '', '2016-01-20 18:37:51', '2016-01-20 18:37:51'),
(21, 'United States', 'KY', 'Kentucky', '', '2016-01-20 18:37:51', '2016-01-20 18:37:51'),
(22, 'United States', 'LA', 'Louisiana', '', '2016-01-20 18:37:51', '2016-01-20 18:37:51'),
(23, 'United States', 'ME', 'Maine', '', '2016-01-20 18:37:51', '2016-01-20 18:37:51'),
(24, 'United States', 'MH', 'Marshall Islands', '', '2016-01-20 18:37:51', '2016-01-20 18:37:51'),
(25, 'United States', 'MD', 'Maryland', '', '2016-01-20 18:37:51', '2016-01-20 18:37:51'),
(26, 'United States', 'MA', 'Massachusetts', '', '2016-01-20 18:37:51', '2016-01-20 18:37:51'),
(27, 'United States', 'MI', 'Michigan', '', '2016-01-20 18:37:51', '2016-01-20 18:37:51'),
(28, 'United States', 'MN', 'Minnesota', '', '2016-01-20 18:37:51', '2016-01-20 18:37:51'),
(29, 'United States', 'MS', 'Mississippi', '', '2016-01-20 18:37:51', '2016-01-20 18:37:51'),
(30, 'United States', 'MO', 'Missouri', '', '2016-01-20 18:37:51', '2016-01-20 18:37:51'),
(31, 'United States', 'MT', 'Montana', '', '2016-01-20 18:37:51', '2016-01-20 18:37:51'),
(32, 'United States', 'NE', 'Nebraska', '', '2016-01-20 18:37:51', '2016-01-20 18:37:51'),
(33, 'United States', 'NV', 'Nevada', '', '2016-01-20 18:37:51', '2016-01-20 18:37:51'),
(34, 'United States', 'NH', 'New Hampshire', '', '2016-01-20 18:37:51', '2016-01-20 18:37:51'),
(35, 'United States', 'NJ', 'New Jersey', '', '2016-01-20 18:37:51', '2016-01-20 18:37:51'),
(36, 'United States', 'NM', 'New Mexico', '', '2016-01-20 18:37:51', '2016-01-20 18:37:51'),
(37, 'United States', 'NY', 'New York', '', '2016-01-20 18:37:51', '2016-01-20 18:37:51'),
(38, 'United States', 'NC', 'North Carolina', '', '2016-01-20 18:37:51', '2016-01-20 18:37:51'),
(39, 'United States', 'ND', 'North Dakota', '', '2016-01-20 18:37:51', '2016-01-20 18:37:51'),
(40, 'United States', 'MP', 'Northern Mariana Islands', '', '2016-01-20 18:37:51', '2016-01-20 18:37:51'),
(41, 'United States', 'OH', 'Ohio', '', '2016-01-20 18:37:51', '2016-01-20 18:37:51'),
(42, 'United States', 'OK', 'Oklahoma', '', '2016-01-20 18:37:51', '2016-01-20 18:37:51'),
(43, 'United States', 'OR', 'Oregon', '', '2016-01-20 18:37:51', '2016-01-20 18:37:51'),
(44, 'United States', 'PW', 'Palau', '', '2016-01-20 18:37:51', '2016-01-20 18:37:51'),
(45, 'United States', 'PA', 'Pennsylvania', '', '2016-01-20 18:37:51', '2016-01-20 18:37:51'),
(46, 'United States', 'PR', 'Puerto Rico', '', '2016-01-20 18:37:51', '2016-01-20 18:37:51'),
(47, 'United States', 'RI', 'Rhode Island', '', '2016-01-20 18:37:51', '2016-01-20 18:37:51'),
(48, 'United States', 'SC', 'South Carolina', '', '2016-01-20 18:37:51', '2016-01-20 18:37:51'),
(49, 'United States', 'SD', 'South Dakota', '', '2016-01-20 18:37:51', '2016-01-20 18:37:51'),
(50, 'United States', 'TN', 'Tennessee', '', '2016-01-20 18:37:51', '2016-01-20 18:37:51'),
(51, 'United States', 'TX', 'Texas', '', '2016-01-20 18:37:51', '2016-01-20 18:37:51'),
(52, 'United States', 'UT', 'Utah', '', '2016-01-20 18:37:51', '2016-01-20 18:37:51'),
(53, 'United States', 'VT', 'Vermont', '', '2016-01-20 18:37:51', '2016-01-20 18:37:51'),
(54, 'United States', 'VI', 'Virgin Islands', '', '2016-01-20 18:37:51', '2016-01-20 18:37:51'),
(55, 'United States', 'VA', 'Virginia', '', '2016-01-20 18:37:51', '2016-01-20 18:37:51'),
(56, 'United States', 'WA', 'Washington', '', '2016-01-20 18:37:51', '2016-01-20 18:37:51'),
(57, 'United States', 'WV', 'West Virginia', '', '2016-01-20 18:37:51', '2016-01-20 18:37:51'),
(58, 'United States', 'WI', 'Wisconsin', '', '2016-01-20 18:37:51', '2016-01-20 18:37:51'),
(59, 'United States', 'WY', 'Wyoming', '', '2016-01-20 18:37:51', '2016-01-20 18:37:51');

-- --------------------------------------------------------

--
-- Table structure for table `geosegment`
--

CREATE TABLE IF NOT EXISTS `geosegment` (
  `id` int(10) unsigned NOT NULL,
  `name` varchar(100) COLLATE utf8_unicode_ci NOT NULL,
  `lat` varchar(100) COLLATE utf8_unicode_ci NOT NULL,
  `lon` varchar(100) COLLATE utf8_unicode_ci NOT NULL,
  `segment_radius` int(11) NOT NULL,
  `geosegmentlist_id` int(10) unsigned NOT NULL,
  `created_at` timestamp NOT NULL DEFAULT '0000-00-00 00:00:00',
  `updated_at` timestamp NOT NULL DEFAULT '0000-00-00 00:00:00'
) ENGINE=InnoDB AUTO_INCREMENT=52 DEFAULT CHARSET=utf8 COLLATE=utf8_unicode_ci;

--
-- Dumping data for table `geosegment`
--

INSERT INTO `geosegment` (`id`, `name`, `lat`, `lon`, `segment_radius`, `geosegmentlist_id`, `created_at`, `updated_at`) VALUES
(22, 'alasdghakj', '23', '213', 0, 12, '2015-12-05 13:57:05', '2015-12-05 13:57:05'),
(23, 'hasdgkjag', '213', '32', 0, 12, '2015-12-05 13:57:05', '2015-12-05 13:57:05'),
(24, 'adf', '123', '21', 0, 12, '2015-12-05 13:57:05', '2015-12-05 13:57:05'),
(28, 'ali232', '213', '23', 2, 12, '2015-12-27 15:46:52', '2015-12-27 15:46:52'),
(29, 'asd', '324', '234', 234, 13, '2016-01-18 14:21:49', '2016-01-18 14:21:49'),
(30, 'asdf', '324', '234', 34, 13, '2016-01-18 14:21:49', '2016-01-18 14:21:49'),
(31, 'asd', '324', '324', 32, 13, '2016-01-18 14:21:49', '2016-01-18 14:21:49'),
(40, 'sad', '231', '12', 313, 14, '2016-01-18 16:25:08', '2016-01-18 16:25:08'),
(41, 'asdasd', '21312', '312', 31, 14, '2016-01-18 17:16:50', '2016-01-18 17:16:50'),
(42, 'gsme1 abc', '12', '13', 12, 15, '2016-02-04 10:54:08', '2016-02-04 10:54:08'),
(43, 'sada sdasd', '32', '34', 1, 15, '2016-02-04 10:54:17', '2016-02-04 10:54:17'),
(44, 'asdas', '34', '34', 34, 16, '2016-02-04 11:06:04', '2016-02-04 11:06:04'),
(45, 'asdasd', '4', '3', 4, 16, '2016-02-04 11:06:04', '2016-02-04 11:06:04'),
(46, 'sadasd', '34', '43', 43, 16, '2016-02-04 11:06:04', '2016-02-04 11:06:04'),
(47, 'alireza', '12.233', '6.1234', 12, 17, '2016-02-04 11:22:41', '2016-02-04 11:22:41'),
(48, 'mmm', '32.656', '12.4564', 5, 17, '2016-02-04 11:22:41', '2016-02-04 11:22:41'),
(49, 'asdas', '55.66541', '32.654', 2, 17, '2016-02-04 11:22:41', '2016-02-04 11:22:41'),
(50, 'adada', '12.233', '6.1234', 12, 17, '2016-02-04 11:22:41', '2016-02-04 11:22:41'),
(51, 'fffff', '12.233', '6.1234', 12, 17, '2016-02-04 11:22:41', '2016-02-04 11:22:41');

-- --------------------------------------------------------

--
-- Table structure for table `geosegmentlist`
--

CREATE TABLE IF NOT EXISTS `geosegmentlist` (
  `id` int(10) unsigned NOT NULL,
  `name` varchar(100) COLLATE utf8_unicode_ci NOT NULL,
  `status` varchar(15) COLLATE utf8_unicode_ci NOT NULL DEFAULT 'Inactive',
  `advertiser_id` int(10) unsigned NOT NULL,
  `created_at` timestamp NOT NULL DEFAULT '0000-00-00 00:00:00',
  `updated_at` timestamp NOT NULL DEFAULT '0000-00-00 00:00:00'
) ENGINE=InnoDB AUTO_INCREMENT=18 DEFAULT CHARSET=utf8 COLLATE=utf8_unicode_ci;

--
-- Dumping data for table `geosegmentlist`
--

INSERT INTO `geosegmentlist` (`id`, `name`, `status`, `advertiser_id`, `created_at`, `updated_at`) VALUES
(7, '112', 'Active', 4, '2015-11-28 13:14:23', '2016-02-07 14:42:59'),
(8, 'gggggggggggg', 'Active', 4, '2015-11-28 13:14:23', '2015-11-28 13:14:23'),
(9, 'ali', 'Active', 8, '2015-12-05 13:25:30', '2015-12-05 13:25:30'),
(12, 'aa11a112', 'Active', 9, '2015-12-05 13:57:05', '2016-01-17 11:03:44'),
(13, 'asd', 'Active', 4, '2016-01-18 14:21:49', '2016-01-26 11:04:26'),
(14, 'ali', 'Active', 9, '2016-01-18 14:32:09', '2016-01-26 11:04:25'),
(15, 'gsm 1 abc', 'Inactive', 13, '2016-02-04 10:53:40', '2016-02-04 11:24:56'),
(16, 'gsm 4 abc', 'Active', 13, '2016-02-04 11:06:04', '2016-02-04 11:24:54'),
(17, 'test Upload', '', 13, '2016-02-04 11:22:41', '2016-02-04 11:22:41');

-- --------------------------------------------------------

--
-- Table structure for table `iab_category`
--

CREATE TABLE IF NOT EXISTS `iab_category` (
  `id` int(10) unsigned NOT NULL,
  `name` varchar(255) COLLATE utf8_unicode_ci NOT NULL,
  `created_at` timestamp NOT NULL DEFAULT '0000-00-00 00:00:00',
  `updated_at` timestamp NOT NULL DEFAULT '0000-00-00 00:00:00'
) ENGINE=InnoDB AUTO_INCREMENT=4 DEFAULT CHARSET=utf8 COLLATE=utf8_unicode_ci;

--
-- Dumping data for table `iab_category`
--

INSERT INTO `iab_category` (`id`, `name`, `created_at`, `updated_at`) VALUES
(1, 'entertainment', '0000-00-00 00:00:00', '0000-00-00 00:00:00'),
(2, 'financial', '0000-00-00 00:00:00', '0000-00-00 00:00:00'),
(3, 'health', '0000-00-00 00:00:00', '0000-00-00 00:00:00');

-- --------------------------------------------------------

--
-- Table structure for table `iab_sub_category`
--

CREATE TABLE IF NOT EXISTS `iab_sub_category` (
  `id` int(10) unsigned NOT NULL,
  `name` varchar(255) COLLATE utf8_unicode_ci NOT NULL,
  `iab_category_id` int(10) unsigned NOT NULL,
  `created_at` timestamp NOT NULL DEFAULT '0000-00-00 00:00:00',
  `updated_at` timestamp NOT NULL DEFAULT '0000-00-00 00:00:00'
) ENGINE=InnoDB AUTO_INCREMENT=10 DEFAULT CHARSET=utf8 COLLATE=utf8_unicode_ci;

--
-- Dumping data for table `iab_sub_category`
--

INSERT INTO `iab_sub_category` (`id`, `name`, `iab_category_id`, `created_at`, `updated_at`) VALUES
(1, 'movies', 1, '0000-00-00 00:00:00', '0000-00-00 00:00:00'),
(2, 'theater', 1, '0000-00-00 00:00:00', '0000-00-00 00:00:00'),
(3, 'sport', 1, '0000-00-00 00:00:00', '0000-00-00 00:00:00'),
(4, 'banking', 2, '0000-00-00 00:00:00', '0000-00-00 00:00:00'),
(5, 'insurance', 2, '0000-00-00 00:00:00', '0000-00-00 00:00:00'),
(6, 'investment', 2, '0000-00-00 00:00:00', '0000-00-00 00:00:00'),
(7, 'women health', 3, '0000-00-00 00:00:00', '0000-00-00 00:00:00'),
(8, 'family health', 3, '0000-00-00 00:00:00', '0000-00-00 00:00:00'),
(9, 'insurance', 3, '0000-00-00 00:00:00', '0000-00-00 00:00:00');

-- --------------------------------------------------------

--
-- Table structure for table `impression`
--

CREATE TABLE IF NOT EXISTS `impression` (
  `id` int(10) unsigned NOT NULL,
  `event_type` varchar(15) COLLATE utf8_unicode_ci NOT NULL,
  `targetgroup_id` int(10) unsigned NOT NULL,
  `creative_id` int(10) unsigned NOT NULL,
  `campaign_id` int(10) unsigned NOT NULL,
  `advertiser_id` int(10) unsigned NOT NULL,
  `client_id` int(10) unsigned NOT NULL,
  `geosegment_id` int(10) unsigned NOT NULL,
  `created_at` timestamp NOT NULL DEFAULT '0000-00-00 00:00:00',
  `updated_at` timestamp NOT NULL DEFAULT '0000-00-00 00:00:00'
) ENGINE=InnoDB AUTO_INCREMENT=2080991137 DEFAULT CHARSET=utf8 COLLATE=utf8_unicode_ci;

--
-- Dumping data for table `impression`
--

INSERT INTO `impression` (`id`, `event_type`, `targetgroup_id`, `creative_id`, `campaign_id`, `advertiser_id`, `client_id`, `geosegment_id`, `created_at`, `updated_at`) VALUES
(153288439, 'impression', 12, 5, 3, 4, 3, 7, '2016-01-30 15:13:04', '2016-01-03 23:35:00'),
(215669522, 'impression', 12, 5, 3, 4, 3, 8, '2016-01-30 14:56:04', '2016-01-04 13:47:00'),
(317691996, 'impression', 12, 5, 3, 4, 3, 8, '2016-01-30 15:02:04', '2016-01-04 10:41:00'),
(413181936, 'impression', 12, 5, 3, 4, 3, 7, '2016-01-30 14:20:04', '2016-01-04 09:41:00'),
(452596680, 'impression', 12, 5, 3, 4, 3, 8, '2016-01-30 15:21:04', '2016-01-04 13:42:00'),
(553977792, 'impression', 12, 5, 3, 4, 3, 7, '2016-01-30 14:54:04', '2016-01-03 23:13:00'),
(556388576, 'impression', 12, 5, 3, 4, 3, 8, '2016-01-30 15:19:04', '2016-01-04 12:18:00'),
(685690528, 'impression', 12, 5, 3, 4, 3, 7, '2016-01-30 14:29:04', '2016-01-04 01:20:00'),
(749342224, 'impression', 12, 5, 3, 4, 3, 8, '2016-01-30 15:05:04', '2016-01-04 09:44:00'),
(810120192, 'impression', 12, 5, 3, 4, 3, 7, '2016-01-30 15:04:04', '2016-01-03 23:45:00'),
(817205936, 'impression', 12, 5, 3, 4, 3, 7, '2016-01-30 14:27:04', '2016-01-04 06:39:00'),
(900394624, 'impression', 12, 5, 3, 4, 3, 7, '2016-01-30 15:12:04', '2016-01-04 05:28:00'),
(922185560, 'impression', 12, 5, 3, 4, 3, 7, '2016-01-30 14:16:04', '2016-01-04 02:44:00'),
(992712064, 'impression', 12, 5, 3, 4, 3, 7, '2016-01-30 15:13:04', '2016-01-04 13:06:00'),
(1018066049, 'impression', 12, 5, 3, 4, 3, 7, '2016-01-30 14:25:04', '2016-01-04 00:40:00'),
(1076781624, 'impression', 12, 5, 3, 4, 3, 7, '2016-01-30 15:38:04', '2016-01-04 07:42:00'),
(1199415968, 'impression', 12, 5, 3, 4, 3, 7, '2016-01-30 15:20:04', '2016-01-04 07:51:00'),
(1342002592, 'impression', 12, 5, 3, 4, 3, 7, '2016-01-30 14:26:04', '2016-01-04 01:19:00'),
(1363030720, 'impression', 12, 5, 3, 4, 3, 8, '2016-01-30 15:29:04', '2016-01-03 23:16:00'),
(1369055616, 'impression', 12, 5, 3, 4, 3, 8, '2016-01-30 14:25:04', '2016-01-04 04:05:00'),
(1382131040, 'impression', 12, 5, 3, 4, 3, 7, '2016-01-30 15:19:04', '2016-01-04 08:09:00'),
(1391068416, 'impression', 12, 5, 3, 4, 3, 8, '2016-01-30 15:25:04', '2016-01-04 02:58:00'),
(1434861569, 'impression', 12, 5, 3, 4, 3, 8, '2016-01-30 14:33:04', '2016-01-03 23:44:00'),
(1448657456, 'impression', 12, 5, 3, 4, 3, 7, '2016-01-30 14:32:04', '2016-01-04 00:51:00'),
(1551671296, 'impression', 12, 5, 3, 4, 3, 8, '2016-01-30 14:14:04', '2016-01-04 04:00:00'),
(1557134816, 'impression', 12, 5, 3, 4, 3, 7, '2016-01-30 14:29:04', '2016-01-04 09:29:00'),
(1575119360, 'impression', 12, 5, 3, 4, 3, 7, '2016-01-30 14:11:04', '2016-01-04 06:25:00'),
(1604989776, 'impression', 12, 5, 3, 4, 3, 8, '2016-01-30 15:11:04', '2016-01-04 01:02:00'),
(1781784256, 'impression', 12, 5, 3, 4, 3, 7, '2016-01-30 14:14:04', '2016-01-04 10:19:00'),
(1791854150, 'impression', 12, 5, 3, 4, 3, 7, '2016-01-30 14:54:04', '2016-01-03 22:14:00'),
(1970126228, 'impression', 12, 5, 3, 4, 3, 7, '2016-01-30 14:20:04', '2016-01-04 10:45:00'),
(2041386496, 'impression', 12, 5, 3, 4, 3, 8, '2016-01-30 15:25:04', '2016-01-04 06:32:00'),
(2046296064, 'impression', 12, 5, 3, 4, 3, 8, '2016-01-30 15:33:04', '2016-01-04 03:23:00'),
(2080991136, 'impression', 12, 5, 3, 4, 3, 8, '2016-01-30 14:30:04', '2016-01-04 03:26:00');

-- --------------------------------------------------------

--
-- Table structure for table `inventory`
--

CREATE TABLE IF NOT EXISTS `inventory` (
  `id` int(10) unsigned NOT NULL,
  `name` varchar(45) COLLATE utf8_unicode_ci NOT NULL,
  `status` varchar(15) COLLATE utf8_unicode_ci NOT NULL DEFAULT 'Inactive',
  `type` varchar(45) COLLATE utf8_unicode_ci NOT NULL,
  `category` varchar(45) COLLATE utf8_unicode_ci NOT NULL,
  `daily_limit` int(11) NOT NULL,
  `created_at` timestamp NOT NULL DEFAULT '0000-00-00 00:00:00',
  `updated_at` timestamp NOT NULL DEFAULT '0000-00-00 00:00:00'
) ENGINE=InnoDB AUTO_INCREMENT=2 DEFAULT CHARSET=utf8 COLLATE=utf8_unicode_ci;

--
-- Dumping data for table `inventory`
--

INSERT INTO `inventory` (`id`, `name`, `status`, `type`, `category`, `daily_limit`, `created_at`, `updated_at`) VALUES
(1, 'inv11', 'Inactive', 'type1', 'cat1', 231, '2016-02-07 10:51:29', '2016-02-07 11:01:12');

-- --------------------------------------------------------

--
-- Table structure for table `migrations`
--

CREATE TABLE IF NOT EXISTS `migrations` (
  `migration` varchar(255) COLLATE utf8_unicode_ci NOT NULL,
  `batch` int(11) NOT NULL
) ENGINE=InnoDB DEFAULT CHARSET=utf8 COLLATE=utf8_unicode_ci;

--
-- Dumping data for table `migrations`
--

INSERT INTO `migrations` (`migration`, `batch`) VALUES
('2014_10_12_000000_create_users_table', 1),
('2014_10_12_100000_create_password_resets_table', 1),
('2015_10_08_093957_user_table', 1),
('2015_10_08_094227_role_table', 1),
('2015_10_08_094328_user_role_mapping_table', 1),
('2015_10_08_100001_permission_table', 2),
('2015_10_08_122941_client_table', 3),
('2015_10_08_123501_Role_Permission_Mapping_table', 4),
('2015_10_13_132650_Advertiser_table', 5),
('2015_10_14_112638_campaign_table', 6),
('2015_10_17_101229_targetgroup_table', 7),
('2015_10_23_091256_creative_table', 8),
('2015_11_11_174323_table_model', 9),
('2015_11_19_155003_bwlist-table', 10),
('2015_11_19_155310_bwentries-table', 10),
('2015_11_19_161031_geosegmentlist-table', 10),
('2015_11_20_121427_geosegment-table', 10),
('2015_11_30_152024_creat-targetgroup-creative-map-table', 11),
('2015_11_30_160427_creat-iab-category-table', 12),
('2015_11_30_160433_creat-iab-sub-category-table', 12),
('2015_12_01_155625_create-targetgroup-geosegment-map-table', 13),
('2015_12_03_151710_targetgroup-bwlist-map-table', 14),
('2015_12_07_151734_create-company-table', 15),
('2015_12_24_085112_create_impression_table', 16),
('2016_01_10_154927_audit_table', 17),
('2016_01_19_153521_advertiser_publisher-tabale', 18),
('2016_01_19_154226_targetgroup_bid_advpublisher-tabale', 18),
('2016_01_20_141526_targetgroup_bidhour_map', 19),
('2016_01_20_181334_geolocation-table', 20),
('2016_01_20_181400_targetgroup_geolocation_map-table', 20),
('2016_01_21_125141_offer-table', 21),
('2016_01_21_125202_offer_pixel_map-table', 22),
('2016_01_21_125224_pixel-table', 22),
('2016_01_23_173443_fieald_to_model', 23),
('2016_01_27_152941_advertiser_model_map-table', 24),
('2016_02_07_140514_create-inventory-table', 25),
('2016_02_08_143515_create-segment-table', 26),
('2016_02_08_143530_create-targetgroup_segment_map', 26),
('2016_02_08_143547_create-targetgroup_realtime_info', 26),
('2016_02_08_143557_create-campaign_realtime_info', 26);

-- --------------------------------------------------------

--
-- Table structure for table `model`
--

CREATE TABLE IF NOT EXISTS `model` (
  `id` int(10) unsigned NOT NULL,
  `name` varchar(100) COLLATE utf8_unicode_ci NOT NULL,
  `advertiser_id` int(10) unsigned NOT NULL,
  `seed_web_sites` varchar(255) COLLATE utf8_unicode_ci NOT NULL,
  `algo` varchar(255) COLLATE utf8_unicode_ci NOT NULL,
  `segment_name_seed` varchar(255) COLLATE utf8_unicode_ci NOT NULL,
  `process_result` varchar(255) COLLATE utf8_unicode_ci NOT NULL,
  `description` varchar(255) COLLATE utf8_unicode_ci NOT NULL,
  `num_neg_devices_used` int(11) NOT NULL,
  `num_pos_devices_used` int(11) NOT NULL,
  `feature_recency_in_sec` int(11) NOT NULL,
  `max_num_both_neg_pos_devices` int(11) NOT NULL,
  `negative_features_requested` text COLLATE utf8_unicode_ci NOT NULL,
  `feature_avg_num_history_used` text COLLATE utf8_unicode_ci NOT NULL,
  `negative_feature_used` text COLLATE utf8_unicode_ci NOT NULL,
  `date_of_request` timestamp NOT NULL DEFAULT '0000-00-00 00:00:00',
  `created_at` timestamp NOT NULL DEFAULT '0000-00-00 00:00:00',
  `updated_at` timestamp NOT NULL DEFAULT '0000-00-00 00:00:00',
  `positive_feature_used` text COLLATE utf8_unicode_ci NOT NULL,
  `feature_score_map` text COLLATE utf8_unicode_ci NOT NULL,
  `top_feature_score_map` text COLLATE utf8_unicode_ci NOT NULL,
  `model_type` varchar(255) COLLATE utf8_unicode_ci NOT NULL,
  `cut_off_score` decimal(4,2) NOT NULL,
  `pixel_hit_recency_in_seconds` int(11) NOT NULL,
  `positive_offer_id` text COLLATE utf8_unicode_ci NOT NULL,
  `negative_offer_id` text COLLATE utf8_unicode_ci NOT NULL,
  `max_number_of_device_history_per_feature` int(11) NOT NULL,
  `max_number_of_negative_feature_to_pick` int(11) NOT NULL,
  `number_of_positive_device_to_be_used_for_modeling` int(11) NOT NULL,
  `number_of_negative_device_to_be_used_for_modeling` int(11) NOT NULL,
  `number_of_both_negative_positive_device_to_be_used` int(11) NOT NULL,
  `date_of_request_completion` timestamp NOT NULL DEFAULT '0000-00-00 00:00:00'
) ENGINE=InnoDB AUTO_INCREMENT=5 DEFAULT CHARSET=utf8 COLLATE=utf8_unicode_ci;

--
-- Dumping data for table `model`
--

INSERT INTO `model` (`id`, `name`, `advertiser_id`, `seed_web_sites`, `algo`, `segment_name_seed`, `process_result`, `description`, `num_neg_devices_used`, `num_pos_devices_used`, `feature_recency_in_sec`, `max_num_both_neg_pos_devices`, `negative_features_requested`, `feature_avg_num_history_used`, `negative_feature_used`, `date_of_request`, `created_at`, `updated_at`, `positive_feature_used`, `feature_score_map`, `top_feature_score_map`, `model_type`, `cut_off_score`, `pixel_hit_recency_in_seconds`, `positive_offer_id`, `negative_offer_id`, `max_number_of_device_history_per_feature`, `max_number_of_negative_feature_to_pick`, `number_of_positive_device_to_be_used_for_modeling`, `number_of_negative_device_to_be_used_for_modeling`, `number_of_both_negative_positive_device_to_be_used`, `date_of_request_completion`) VALUES
(1, 'aaa123', 6, '"asd,dd,d"', 'heat', 'aaa', 'asdas', '1111', 1, 1, 1, 1, '"asd,fgsd,fg,df,w"', '', '"asd,ac,zc,sdf,g"', '2016-01-11 07:00:06', '2015-11-12 06:34:38', '2016-02-07 14:48:52', '', '', '', '', '0.00', 0, '', '', 0, 0, 0, 0, 0, '0000-00-00 00:00:00'),
(4, 'test111121', 4, 'null', '', '234112', 'submitted', 'axdffs122', 0, 0, 324112, 23122, 'null', '', '', '2016-01-25 13:05:02', '2016-01-25 11:09:18', '2016-02-06 11:13:58', '', '', '', 'pixel_model', '11.00', 1223, '2', '1', 122, 0, 122, 122, 122, '2016-01-25 13:05:02');

-- --------------------------------------------------------

--
-- Table structure for table `offer`
--

CREATE TABLE IF NOT EXISTS `offer` (
  `id` int(10) unsigned NOT NULL,
  `name` varchar(100) COLLATE utf8_unicode_ci NOT NULL,
  `status` varchar(15) COLLATE utf8_unicode_ci NOT NULL DEFAULT 'Inactive',
  `advertiser_id` int(10) unsigned NOT NULL,
  `description` varchar(100) COLLATE utf8_unicode_ci NOT NULL,
  `created_at` timestamp NOT NULL DEFAULT '0000-00-00 00:00:00',
  `updated_at` timestamp NOT NULL DEFAULT '0000-00-00 00:00:00'
) ENGINE=InnoDB AUTO_INCREMENT=6 DEFAULT CHARSET=utf8 COLLATE=utf8_unicode_ci;

--
-- Dumping data for table `offer`
--

INSERT INTO `offer` (`id`, `name`, `status`, `advertiser_id`, `description`, `created_at`, `updated_at`) VALUES
(1, 'offer123412', 'Active', 4, '', '2016-01-21 11:13:17', '2016-02-07 14:49:12'),
(2, 'offer4', 'Active', 4, '', '2016-01-21 12:35:00', '2016-01-26 13:12:16'),
(3, 'offer 1 Bing', '', 12, '', '2016-02-03 13:37:18', '2016-02-03 13:37:18'),
(4, 'offer 1 abc', 'Inactive', 13, '', '2016-02-04 10:28:33', '2016-02-04 10:30:10'),
(5, 'offer 2 abc', 'Active', 13, '', '2016-02-04 10:28:59', '2016-02-04 10:30:09');

-- --------------------------------------------------------

--
-- Table structure for table `offer_pixel_map`
--

CREATE TABLE IF NOT EXISTS `offer_pixel_map` (
  `id` int(10) unsigned NOT NULL,
  `offer_id` int(10) unsigned NOT NULL,
  `pixel_id` int(10) unsigned NOT NULL,
  `created_at` timestamp NOT NULL DEFAULT '0000-00-00 00:00:00',
  `updated_at` timestamp NOT NULL DEFAULT '0000-00-00 00:00:00'
) ENGINE=InnoDB AUTO_INCREMENT=8 DEFAULT CHARSET=utf8 COLLATE=utf8_unicode_ci;

--
-- Dumping data for table `offer_pixel_map`
--

INSERT INTO `offer_pixel_map` (`id`, `offer_id`, `pixel_id`, `created_at`, `updated_at`) VALUES
(2, 2, 1, '2016-01-21 13:07:07', '2016-01-21 13:07:07'),
(7, 4, 5, '2016-02-04 10:48:20', '2016-02-04 10:48:20');

-- --------------------------------------------------------

--
-- Table structure for table `password_resets`
--

CREATE TABLE IF NOT EXISTS `password_resets` (
  `email` varchar(255) COLLATE utf8_unicode_ci NOT NULL,
  `token` varchar(255) COLLATE utf8_unicode_ci NOT NULL,
  `created_at` timestamp NOT NULL DEFAULT '0000-00-00 00:00:00'
) ENGINE=InnoDB DEFAULT CHARSET=utf8 COLLATE=utf8_unicode_ci;

-- --------------------------------------------------------

--
-- Table structure for table `permission`
--

CREATE TABLE IF NOT EXISTS `permission` (
  `id` int(10) unsigned NOT NULL,
  `name` varchar(255) COLLATE utf8_unicode_ci NOT NULL,
  `description` varchar(255) COLLATE utf8_unicode_ci NOT NULL,
  `created_at` timestamp NOT NULL DEFAULT '0000-00-00 00:00:00',
  `updated_at` timestamp NOT NULL DEFAULT '0000-00-00 00:00:00'
) ENGINE=InnoDB AUTO_INCREMENT=30 DEFAULT CHARSET=utf8 COLLATE=utf8_unicode_ci;

--
-- Dumping data for table `permission`
--

INSERT INTO `permission` (`id`, `name`, `description`, `created_at`, `updated_at`) VALUES
(1, 'ADD_EDIT_CLIENT', '', '0000-00-00 00:00:00', '0000-00-00 00:00:00'),
(3, 'VIEW_CLIENT', '', '0000-00-00 00:00:00', '0000-00-00 00:00:00'),
(4, 'ADD_EDIT_CAMPAIGN', '', '0000-00-00 00:00:00', '0000-00-00 00:00:00'),
(6, 'VIEW_CAMPAIGN', '', '0000-00-00 00:00:00', '0000-00-00 00:00:00'),
(7, 'ADD_EDIT_ADVERTISER', '', '0000-00-00 00:00:00', '0000-00-00 00:00:00'),
(9, 'VIEW_ADVERTISER', '', '0000-00-00 00:00:00', '0000-00-00 00:00:00'),
(10, 'ADD_EDIT_CREATIVE', '', '0000-00-00 00:00:00', '0000-00-00 00:00:00'),
(12, 'VIEW_CREATIVE', '', '0000-00-00 00:00:00', '0000-00-00 00:00:00'),
(13, 'ADD_EDIT_TARGETGROUP', '', '0000-00-00 00:00:00', '0000-00-00 00:00:00'),
(15, 'VIEW_TARGETGROUP', '', '0000-00-00 00:00:00', '0000-00-00 00:00:00'),
(16, 'ADD_EDIT_MODEL', '', '0000-00-00 00:00:00', '0000-00-00 00:00:00'),
(18, 'VIEW_MODEL', '', '0000-00-00 00:00:00', '0000-00-00 00:00:00'),
(19, 'ADD_EDIT_BWLIST', '', '0000-00-00 00:00:00', '0000-00-00 00:00:00'),
(21, 'VIEW_BWLIST', '', '0000-00-00 00:00:00', '0000-00-00 00:00:00'),
(22, 'ADD_EDIT_GEOSEGMENTLIST', '', '0000-00-00 00:00:00', '0000-00-00 00:00:00'),
(24, 'VIEW_GEOSEGMENTLIST', '', '0000-00-00 00:00:00', '0000-00-00 00:00:00'),
(25, 'ADD_EDIT_OFFER', '', '0000-00-00 00:00:00', '0000-00-00 00:00:00'),
(26, 'ADD_EDIT_PIXEL', '', '0000-00-00 00:00:00', '0000-00-00 00:00:00'),
(27, 'VIEW_OFFER', '', '0000-00-00 00:00:00', '0000-00-00 00:00:00'),
(28, 'VIEW_PIXEL', '', '0000-00-00 00:00:00', '0000-00-00 00:00:00'),
(29, 'VIEW_SEGMENT', '', '0000-00-00 00:00:00', '0000-00-00 00:00:00');

-- --------------------------------------------------------

--
-- Table structure for table `pixel`
--

CREATE TABLE IF NOT EXISTS `pixel` (
  `id` int(10) unsigned NOT NULL,
  `name` varchar(100) COLLATE utf8_unicode_ci NOT NULL,
  `status` varchar(15) COLLATE utf8_unicode_ci NOT NULL DEFAULT 'Inactive',
  `advertiser_id` int(10) unsigned NOT NULL,
  `part_a` varchar(100) COLLATE utf8_unicode_ci NOT NULL,
  `part_b` varchar(100) COLLATE utf8_unicode_ci NOT NULL,
  `version` varchar(100) COLLATE utf8_unicode_ci NOT NULL,
  `description` varchar(100) COLLATE utf8_unicode_ci NOT NULL,
  `created_at` timestamp NOT NULL DEFAULT '0000-00-00 00:00:00',
  `updated_at` timestamp NOT NULL DEFAULT '0000-00-00 00:00:00'
) ENGINE=InnoDB AUTO_INCREMENT=6 DEFAULT CHARSET=utf8 COLLATE=utf8_unicode_ci;

--
-- Dumping data for table `pixel`
--

INSERT INTO `pixel` (`id`, `name`, `status`, `advertiser_id`, `part_a`, `part_b`, `version`, `description`, `created_at`, `updated_at`) VALUES
(1, 'asd233', 'Active', 4, 'wXTXfP2d4ggkmJHwXcUvc80vVuAeuLJUJU1gZoAv7cZlsMl1Q6eeDDLdFmvGhKzQjKxq7QwEy06eVGno', '7SWQs1SOM6N0qBMEgsqtCaPGlGA0MtMDLw0kDhnhgIsdYkmlB2GovmvAwerD08yLM2sGcpfC7dvhSVkU', 'version1', '', '2016-01-21 11:47:51', '2016-01-26 13:12:19'),
(2, 'pixle11112', 'Active', 4, 'qIx3eXHRwDlpEexTsGU3htx7YA0LStpgP7mhaYX5L0LmWHSkx1VJUqXLTTBaQTW8AozouQzanfybA3BE', 'ZejhUfLic4AqbbQSJx8nbBz8mmITDhGPPj4HhWXHS8WzUl7vfy5effWZImgs2n9T1hcZ2vvZV3FA0nL0', 'version1', '', '2016-01-21 12:35:31', '2016-02-07 14:49:04'),
(3, 'pixle 1 bing1', '', 12, '9tdRmgLnlhu8OTSbYWSayKY9Ma7JmyO0wKZyY49vWoeq83IpMTA3BfisOYNc7pBpLoDDsgp0pTQ5kArZ', 'teajw8u8I9m3LCgbTpa5OPxRKKl8pv3X2VDWjnycuHMihdNkTNyU2Mx7XZHxmMwit0XXZ0uC9C5TFcdR', 'version1', '', '2016-02-03 13:46:26', '2016-02-07 13:43:22'),
(4, 'pixel 1 abc', 'Inactive', 13, 'sHOHt7O6sDYkF5gXMN852DAk9V3LkwvYjLr4juOE235NIie54yIEjGv3915pPppi3cXP2eGzuP3DES3B', 'fG9At6ja3u0rcGb0E1kWClqRPZUQtPLuibtTuUZEOlMQskP48cAr5P2w1wDq9amKd4Fzp5xvsyrCzllw', 'version1', '', '2016-02-04 10:32:13', '2016-02-04 10:33:46'),
(5, 'pexel 2 abc1', 'Active', 13, 'dWvSmRsjCtGccEa7PImaIwfWAphxEerxEkc3MxvFLcQtPab4GMZxyTfu9Po0IrpGW5LC3AroMiT7k35o', 'pdvhhC6pCBmQE1fb7ddxd0fvFLN9HkR512TpRJQHWLd3sYX49IxQeOVYqCAyWYv9ve9Tkdsm8iWD9jxk', 'version1', '', '2016-02-04 10:32:25', '2016-02-04 10:33:45');

-- --------------------------------------------------------

--
-- Table structure for table `role`
--

CREATE TABLE IF NOT EXISTS `role` (
  `id` int(10) unsigned NOT NULL,
  `name` varchar(255) COLLATE utf8_unicode_ci NOT NULL,
  `description` varchar(255) COLLATE utf8_unicode_ci NOT NULL,
  `created_at` timestamp NOT NULL DEFAULT '0000-00-00 00:00:00',
  `updated_at` timestamp NOT NULL DEFAULT '0000-00-00 00:00:00'
) ENGINE=InnoDB AUTO_INCREMENT=6 DEFAULT CHARSET=utf8 COLLATE=utf8_unicode_ci;

--
-- Dumping data for table `role`
--

INSERT INTO `role` (`id`, `name`, `description`, `created_at`, `updated_at`) VALUES
(1, 'Super Admin', '', '0000-00-00 00:00:00', '0000-00-00 00:00:00'),
(2, 'Admin', '', '0000-00-00 00:00:00', '0000-00-00 00:00:00'),
(3, 'Acount Manager', '', '0000-00-00 00:00:00', '0000-00-00 00:00:00'),
(4, 'Account Analyst', '', '0000-00-00 00:00:00', '0000-00-00 00:00:00'),
(5, 'kkkkk1', '', '2015-12-08 04:25:17', '2015-12-08 04:25:29');

-- --------------------------------------------------------

--
-- Table structure for table `role_permission_mapping`
--

CREATE TABLE IF NOT EXISTS `role_permission_mapping` (
  `id` int(10) unsigned NOT NULL,
  `permission_id` int(10) unsigned NOT NULL,
  `role_id` int(10) unsigned NOT NULL,
  `description` varchar(255) COLLATE utf8_unicode_ci NOT NULL,
  `created_at` timestamp NOT NULL DEFAULT '0000-00-00 00:00:00',
  `updated_at` timestamp NOT NULL DEFAULT '0000-00-00 00:00:00'
) ENGINE=InnoDB AUTO_INCREMENT=549 DEFAULT CHARSET=utf8 COLLATE=utf8_unicode_ci;

--
-- Dumping data for table `role_permission_mapping`
--

INSERT INTO `role_permission_mapping` (`id`, `permission_id`, `role_id`, `description`, `created_at`, `updated_at`) VALUES
(15, 7, 3, '', '2015-12-07 13:09:51', '2015-12-07 13:09:51'),
(16, 16, 3, '', '2015-12-07 13:09:51', '2015-12-07 13:09:51'),
(508, 1, 2, '', '2016-02-02 10:57:10', '2016-02-02 10:57:10'),
(509, 3, 2, '', '2016-02-02 10:57:10', '2016-02-02 10:57:10'),
(510, 4, 2, '', '2016-02-02 10:57:10', '2016-02-02 10:57:10'),
(511, 6, 2, '', '2016-02-02 10:57:10', '2016-02-02 10:57:10'),
(512, 7, 2, '', '2016-02-02 10:57:10', '2016-02-02 10:57:10'),
(513, 9, 2, '', '2016-02-02 10:57:10', '2016-02-02 10:57:10'),
(514, 10, 2, '', '2016-02-02 10:57:10', '2016-02-02 10:57:10'),
(515, 12, 2, '', '2016-02-02 10:57:10', '2016-02-02 10:57:10'),
(516, 13, 2, '', '2016-02-02 10:57:10', '2016-02-02 10:57:10'),
(517, 15, 2, '', '2016-02-02 10:57:10', '2016-02-02 10:57:10'),
(518, 16, 2, '', '2016-02-02 10:57:10', '2016-02-02 10:57:10'),
(519, 18, 2, '', '2016-02-02 10:57:10', '2016-02-02 10:57:10'),
(520, 19, 2, '', '2016-02-02 10:57:10', '2016-02-02 10:57:10'),
(521, 21, 2, '', '2016-02-02 10:57:10', '2016-02-02 10:57:10'),
(522, 22, 2, '', '2016-02-02 10:57:10', '2016-02-02 10:57:10'),
(523, 24, 2, '', '2016-02-02 10:57:10', '2016-02-02 10:57:10'),
(524, 25, 2, '', '2016-02-02 10:57:10', '2016-02-02 10:57:10'),
(525, 26, 2, '', '2016-02-02 10:57:10', '2016-02-02 10:57:10'),
(526, 27, 2, '', '2016-02-02 10:57:10', '2016-02-02 10:57:10'),
(527, 28, 2, '', '2016-02-02 10:57:10', '2016-02-02 10:57:10'),
(528, 1, 1, '', '2016-02-08 11:22:04', '2016-02-08 11:22:04'),
(529, 3, 1, '', '2016-02-08 11:22:04', '2016-02-08 11:22:04'),
(530, 4, 1, '', '2016-02-08 11:22:04', '2016-02-08 11:22:04'),
(531, 6, 1, '', '2016-02-08 11:22:04', '2016-02-08 11:22:04'),
(532, 7, 1, '', '2016-02-08 11:22:04', '2016-02-08 11:22:04'),
(533, 9, 1, '', '2016-02-08 11:22:04', '2016-02-08 11:22:04'),
(534, 10, 1, '', '2016-02-08 11:22:04', '2016-02-08 11:22:04'),
(535, 12, 1, '', '2016-02-08 11:22:04', '2016-02-08 11:22:04'),
(536, 13, 1, '', '2016-02-08 11:22:04', '2016-02-08 11:22:04'),
(537, 15, 1, '', '2016-02-08 11:22:04', '2016-02-08 11:22:04'),
(538, 16, 1, '', '2016-02-08 11:22:04', '2016-02-08 11:22:04'),
(539, 18, 1, '', '2016-02-08 11:22:04', '2016-02-08 11:22:04'),
(540, 19, 1, '', '2016-02-08 11:22:04', '2016-02-08 11:22:04'),
(541, 21, 1, '', '2016-02-08 11:22:04', '2016-02-08 11:22:04'),
(542, 22, 1, '', '2016-02-08 11:22:04', '2016-02-08 11:22:04'),
(543, 24, 1, '', '2016-02-08 11:22:04', '2016-02-08 11:22:04'),
(544, 25, 1, '', '2016-02-08 11:22:04', '2016-02-08 11:22:04'),
(545, 26, 1, '', '2016-02-08 11:22:04', '2016-02-08 11:22:04'),
(546, 27, 1, '', '2016-02-08 11:22:04', '2016-02-08 11:22:04'),
(547, 28, 1, '', '2016-02-08 11:22:04', '2016-02-08 11:22:04'),
(548, 29, 1, '', '2016-02-08 11:22:04', '2016-02-08 11:22:04');

-- --------------------------------------------------------

--
-- Table structure for table `segment`
--

CREATE TABLE IF NOT EXISTS `segment` (
  `id` int(10) unsigned NOT NULL,
  `name` varchar(255) COLLATE utf8_unicode_ci NOT NULL,
  `advertiser_id` int(10) unsigned NOT NULL,
  `model_id` int(10) unsigned NOT NULL,
  `created_at` timestamp NOT NULL DEFAULT '0000-00-00 00:00:00',
  `updated_at` timestamp NOT NULL DEFAULT '0000-00-00 00:00:00'
) ENGINE=InnoDB AUTO_INCREMENT=3 DEFAULT CHARSET=utf8 COLLATE=utf8_unicode_ci;

--
-- Dumping data for table `segment`
--

INSERT INTO `segment` (`id`, `name`, `advertiser_id`, `model_id`, `created_at`, `updated_at`) VALUES
(1, 'segment 1', 6, 1, '0000-00-00 00:00:00', '0000-00-00 00:00:00'),
(2, 'segment 2', 4, 4, '0000-00-00 00:00:00', '0000-00-00 00:00:00');

-- --------------------------------------------------------

--
-- Table structure for table `targetgroup`
--

CREATE TABLE IF NOT EXISTS `targetgroup` (
  `id` int(10) unsigned NOT NULL,
  `name` varchar(100) COLLATE utf8_unicode_ci NOT NULL,
  `campaign_id` int(10) unsigned NOT NULL,
  `description` varchar(255) COLLATE utf8_unicode_ci NOT NULL,
  `status` varchar(15) COLLATE utf8_unicode_ci NOT NULL DEFAULT 'Inactive',
  `iab_category` varchar(255) COLLATE utf8_unicode_ci NOT NULL,
  `iab_sub_category` varchar(255) COLLATE utf8_unicode_ci DEFAULT NULL,
  `max_impression` int(11) NOT NULL,
  `daily_max_impression` int(11) NOT NULL,
  `max_budget` int(11) NOT NULL,
  `daily_max_budget` int(11) NOT NULL,
  `pacing_plan` varchar(255) COLLATE utf8_unicode_ci NOT NULL,
  `cpm` int(11) NOT NULL,
  `ad_position` varchar(255) COLLATE utf8_unicode_ci NOT NULL,
  `frequency_in_sec` int(11) NOT NULL,
  `start_date` timestamp NOT NULL DEFAULT '0000-00-00 00:00:00',
  `end_date` timestamp NOT NULL DEFAULT '0000-00-00 00:00:00',
  `advertiser_domain_name` varchar(255) COLLATE utf8_unicode_ci NOT NULL,
  `created_at` timestamp NOT NULL DEFAULT '0000-00-00 00:00:00',
  `updated_at` timestamp NOT NULL DEFAULT '0000-00-00 00:00:00'
) ENGINE=InnoDB AUTO_INCREMENT=22 DEFAULT CHARSET=utf8 COLLATE=utf8_unicode_ci;

--
-- Dumping data for table `targetgroup`
--

INSERT INTO `targetgroup` (`id`, `name`, `campaign_id`, `description`, `status`, `iab_category`, `iab_sub_category`, `max_impression`, `daily_max_impression`, `max_budget`, `daily_max_budget`, `pacing_plan`, `cpm`, `ad_position`, `frequency_in_sec`, `start_date`, `end_date`, `advertiser_domain_name`, `created_at`, `updated_at`) VALUES
(1, 'dfsasd222', 3, 'df fsdfs d1', 'Active', 'asd1', 'asd1', 32141, 2342341, 2341, 2341, '2341', 2341, '', 2341, '0000-00-00 00:00:00', '0000-00-00 00:00:00', '234231', '2015-10-22 05:17:18', '2015-10-22 05:42:47'),
(2, 'sadasd', 3, '4ghh', 'Active', '234', '234', 234234, 234, 2341234, 234234, '234234', 456, '', 45646, '0000-00-00 00:00:00', '0000-00-00 00:00:00', '456456', '2015-10-23 09:56:19', '2015-10-23 09:56:19'),
(3, 'asdasd', 3, 'fhfgh', 'Active', '5646', '456456', 45645, 645, 6456, 46, '464', 4564, '', 5646, '0000-00-00 00:00:00', '0000-00-00 00:00:00', '46', '2015-10-23 09:59:06', '2015-10-23 09:59:06'),
(4, 'asdasd1', 7, 'ggggfjfjf g gh jfg ', 'Active', '324', '567', 65, 87, 856756, 7567, '567', 567, '', 567, '0000-00-00 00:00:00', '0000-00-00 00:00:00', '567', '2015-10-23 10:00:05', '2015-10-23 10:00:05'),
(13, 'ali', 3, '', 'Active', '1', NULL, 1, 2, 3, 4, '7', 6, '', 5, '0000-00-00 00:00:00', '0000-00-00 00:00:00', 'ddd', '2015-11-30 14:13:26', '2015-11-30 14:13:26'),
(20, 'final1', 3, '', '', '1', '3', 2131, 1231, 1231, 1231, '1231', 1231, '', 1231, '2016-10-01 06:42:03', '2018-04-01 05:42:03', 'http://www.as1d.com', '2016-01-28 09:06:16', '2016-01-31 06:42:03'),
(21, 'fdgdrsd1', 12, '', '', '2', '5', 21, 32, 23, 23, '23', 23, '["Any","Above_the_Fold","Below_the_Fold"]', 32, '2016-09-02 10:15:13', '2017-06-02 10:15:13', 'sad1.com', '2016-02-04 11:10:05', '2016-02-08 16:08:59');

-- --------------------------------------------------------

--
-- Table structure for table `targetgroup_bidhour_map`
--

CREATE TABLE IF NOT EXISTS `targetgroup_bidhour_map` (
  `id` int(10) unsigned NOT NULL,
  `hours` varchar(1024) COLLATE utf8_unicode_ci NOT NULL COMMENT 'first day is monday and array start at 1',
  `targetgroup_id` int(10) unsigned NOT NULL,
  `created_at` timestamp NOT NULL DEFAULT '0000-00-00 00:00:00',
  `updated_at` timestamp NOT NULL DEFAULT '0000-00-00 00:00:00'
) ENGINE=InnoDB AUTO_INCREMENT=12 DEFAULT CHARSET=utf8 COLLATE=utf8_unicode_ci;

--
-- Dumping data for table `targetgroup_bidhour_map`
--

INSERT INTO `targetgroup_bidhour_map` (`id`, `hours`, `targetgroup_id`, `created_at`, `updated_at`) VALUES
(10, '{"1":["0","0","1","1","1","1","1","1","1","1","1","1","1","1","1","1","1","1","1","1","1","1","1","1"],"2":["1","0","0","0","0","0","0","0","0","0","0","0","0","0","0","1","0","0","0","0","0","0","0","0"],"3":["0","0","0","0","1","0","0","0","0","0","0","1","0","0","0","0","1","1","0","0","0","0","0","0"],"4":["1","0","1","0","0","0","0","1","0","0","0","1","0","0","0","0","0","0","1","1","0","0","0","0"],"5":["0","0","0","0","0","0","0","0","1","0","1","0","0","0","1","0","0","0","0","0","0","0","1","0"],"6":["1","0","0","0","1","0","0","1","0","0","0","0","0","0","0","0","1","0","0","0","0","0","0","0"],"7":["0","0","0","0","0","0","1","0","0","1","0","0","1","0","0","0","0","0","1","0","0","1","0","0"]}', 20, '2016-01-28 10:07:37', '2016-01-30 14:23:24'),
(11, '{"1":["1","1","1","1","1","1","1","1","1","1","1","1","1","1","1","1","1","1","1","1","1","1","1","1"],"2":["0","1","0","0","0","0","0","1","0","0","0","0","0","0","0","0","1","0","0","0","1","0","0","0"],"3":["0","1","0","1","0","0","1","0","0","0","1","0","0","0","1","0","0","0","1","0","0","0","0","1"],"4":["0","0","0","1","0","1","0","0","0","0","0","0","0","1","0","0","0","1","0","0","0","1","0","0"],"5":["0","0","0","0","0","0","1","0","0","0","1","0","1","0","0","0","0","0","0","1","0","0","0","0"],"6":["1","0","0","1","0","0","0","1","0","0","0","0","0","0","0","1","0","1","0","1","0","0","0","0"],"7":["1","0","0","1","0","0","0","1","0","1","0","1","0","0","0","1","0","0","0","1","0","1","0","1"]}', 21, '2016-02-04 11:10:05', '2016-02-04 11:10:05');

-- --------------------------------------------------------

--
-- Table structure for table `targetgroup_bid_advpublisher`
--

CREATE TABLE IF NOT EXISTS `targetgroup_bid_advpublisher` (
  `id` int(10) unsigned NOT NULL,
  `bid_price` int(11) NOT NULL,
  `advertiser_publisher_id` int(10) unsigned NOT NULL,
  `targetgroup_id` int(10) unsigned NOT NULL,
  `created_at` timestamp NOT NULL DEFAULT '0000-00-00 00:00:00',
  `updated_at` timestamp NOT NULL DEFAULT '0000-00-00 00:00:00'
) ENGINE=InnoDB AUTO_INCREMENT=13 DEFAULT CHARSET=utf8 COLLATE=utf8_unicode_ci;

--
-- Dumping data for table `targetgroup_bid_advpublisher`
--

INSERT INTO `targetgroup_bid_advpublisher` (`id`, `bid_price`, `advertiser_publisher_id`, `targetgroup_id`, `created_at`, `updated_at`) VALUES
(10, 12, 23, 20, '2016-01-28 09:06:16', '2016-01-28 09:06:16'),
(11, 22, 24, 20, '2016-01-28 09:06:16', '2016-01-28 09:06:16'),
(12, 33, 28, 21, '2016-02-04 11:10:05', '2016-02-04 11:10:05');

-- --------------------------------------------------------

--
-- Table structure for table `targetgroup_bwlist_map`
--

CREATE TABLE IF NOT EXISTS `targetgroup_bwlist_map` (
  `id` int(10) unsigned NOT NULL,
  `targetgroup_id` int(10) unsigned NOT NULL,
  `bwlist_id` int(10) unsigned NOT NULL,
  `created_at` timestamp NOT NULL DEFAULT '0000-00-00 00:00:00',
  `updated_at` timestamp NOT NULL DEFAULT '0000-00-00 00:00:00'
) ENGINE=InnoDB AUTO_INCREMENT=18 DEFAULT CHARSET=utf8 COLLATE=utf8_unicode_ci;

--
-- Dumping data for table `targetgroup_bwlist_map`
--

INSERT INTO `targetgroup_bwlist_map` (`id`, `targetgroup_id`, `bwlist_id`, `created_at`, `updated_at`) VALUES
(16, 20, 2, '2016-01-31 06:42:04', '2016-01-31 06:42:04'),
(17, 21, 22, '2016-02-04 11:10:05', '2016-02-04 11:10:05');

-- --------------------------------------------------------

--
-- Table structure for table `targetgroup_creative_map`
--

CREATE TABLE IF NOT EXISTS `targetgroup_creative_map` (
  `id` int(10) unsigned NOT NULL,
  `targetgroup_id` int(10) unsigned NOT NULL,
  `creative_id` int(10) unsigned NOT NULL,
  `created_at` timestamp NOT NULL DEFAULT '0000-00-00 00:00:00',
  `updated_at` timestamp NOT NULL DEFAULT '0000-00-00 00:00:00'
) ENGINE=InnoDB AUTO_INCREMENT=23 DEFAULT CHARSET=utf8 COLLATE=utf8_unicode_ci;

--
-- Dumping data for table `targetgroup_creative_map`
--

INSERT INTO `targetgroup_creative_map` (`id`, `targetgroup_id`, `creative_id`, `created_at`, `updated_at`) VALUES
(18, 20, 5, '2016-01-28 11:33:31', '2016-01-28 11:33:31'),
(19, 20, 5, '2016-01-30 12:40:48', '2016-01-30 12:40:48'),
(20, 20, 5, '2016-01-30 12:44:45', '2016-01-30 12:44:45'),
(21, 20, 5, '2016-01-30 12:44:56', '2016-01-30 12:44:56'),
(22, 21, 8, '2016-02-04 11:10:05', '2016-02-04 11:10:05');

-- --------------------------------------------------------

--
-- Table structure for table `targetgroup_geolocation_map`
--

CREATE TABLE IF NOT EXISTS `targetgroup_geolocation_map` (
  `id` int(10) unsigned NOT NULL,
  `geolocation_id` int(10) unsigned NOT NULL,
  `targetgroup_id` int(10) unsigned NOT NULL,
  `created_at` timestamp NOT NULL DEFAULT '0000-00-00 00:00:00',
  `updated_at` timestamp NOT NULL DEFAULT '0000-00-00 00:00:00'
) ENGINE=InnoDB AUTO_INCREMENT=36 DEFAULT CHARSET=utf8 COLLATE=utf8_unicode_ci;

--
-- Dumping data for table `targetgroup_geolocation_map`
--

INSERT INTO `targetgroup_geolocation_map` (`id`, `geolocation_id`, `targetgroup_id`, `created_at`, `updated_at`) VALUES
(29, 22, 20, '2016-01-31 06:42:03', '2016-01-31 06:42:03'),
(30, 23, 20, '2016-01-31 06:42:03', '2016-01-31 06:42:03'),
(31, 24, 20, '2016-01-31 06:42:04', '2016-01-31 06:42:04'),
(32, 1, 21, '2016-02-04 11:10:05', '2016-02-04 11:10:05'),
(33, 2, 21, '2016-02-04 11:10:05', '2016-02-04 11:10:05'),
(34, 5, 21, '2016-02-04 11:10:05', '2016-02-04 11:10:05'),
(35, 6, 21, '2016-02-04 11:10:05', '2016-02-04 11:10:05');

-- --------------------------------------------------------

--
-- Table structure for table `targetgroup_geosegmentlist_map`
--

CREATE TABLE IF NOT EXISTS `targetgroup_geosegmentlist_map` (
  `id` int(10) unsigned NOT NULL,
  `targetgroup_id` int(10) unsigned NOT NULL,
  `geosegmentlist_id` int(10) unsigned NOT NULL,
  `created_at` timestamp NOT NULL DEFAULT '0000-00-00 00:00:00',
  `updated_at` timestamp NOT NULL DEFAULT '0000-00-00 00:00:00'
) ENGINE=InnoDB AUTO_INCREMENT=40 DEFAULT CHARSET=utf8 COLLATE=utf8_unicode_ci;

--
-- Dumping data for table `targetgroup_geosegmentlist_map`
--

INSERT INTO `targetgroup_geosegmentlist_map` (`id`, `targetgroup_id`, `geosegmentlist_id`, `created_at`, `updated_at`) VALUES
(25, 20, 7, '2016-01-28 09:06:16', '2016-01-28 09:06:16'),
(37, 20, 8, '2016-01-31 06:42:03', '2016-01-31 06:42:03'),
(38, 21, 15, '2016-02-04 11:10:05', '2016-02-04 11:10:05'),
(39, 21, 16, '2016-02-04 11:10:05', '2016-02-04 11:10:05');

-- --------------------------------------------------------

--
-- Table structure for table `targetgroup_realtime_info`
--

CREATE TABLE IF NOT EXISTS `targetgroup_realtime_info` (
  `id` int(10) unsigned NOT NULL,
  `targetgroup_id` int(10) unsigned NOT NULL,
  `today_date` varchar(255) COLLATE utf8_unicode_ci NOT NULL,
  `impressions_shown_today_until_now` int(11) NOT NULL,
  `total_impression_show_until_now` int(11) NOT NULL,
  `daily_budget_spent_today_until_now` decimal(8,2) NOT NULL,
  `total_budget_spent_until_now` decimal(8,2) NOT NULL,
  `last_time_ad_shown` timestamp NOT NULL DEFAULT '0000-00-00 00:00:00',
  `target_group_pacing_status` varchar(45) COLLATE utf8_unicode_ci NOT NULL,
  `created_at` timestamp NOT NULL DEFAULT '0000-00-00 00:00:00',
  `updated_at` timestamp NOT NULL DEFAULT '0000-00-00 00:00:00'
) ENGINE=InnoDB AUTO_INCREMENT=3 DEFAULT CHARSET=utf8 COLLATE=utf8_unicode_ci;

--
-- Dumping data for table `targetgroup_realtime_info`
--

INSERT INTO `targetgroup_realtime_info` (`id`, `targetgroup_id`, `today_date`, `impressions_shown_today_until_now`, `total_impression_show_until_now`, `daily_budget_spent_today_until_now`, `total_budget_spent_until_now`, `last_time_ad_shown`, `target_group_pacing_status`, `created_at`, `updated_at`) VALUES
(2, 20, '2016-10-01', 12, 23, '34.12', '432.23', '2016-02-07 22:41:21', 'Active', '0000-00-00 00:00:00', '0000-00-00 00:00:00');

-- --------------------------------------------------------

--
-- Table structure for table `targetgroup_segment_map`
--

CREATE TABLE IF NOT EXISTS `targetgroup_segment_map` (
  `id` int(10) unsigned NOT NULL,
  `targetgroup_id` int(10) unsigned NOT NULL,
  `segment_id` int(10) unsigned NOT NULL,
  `created_at` timestamp NOT NULL DEFAULT '0000-00-00 00:00:00',
  `updated_at` timestamp NOT NULL DEFAULT '0000-00-00 00:00:00'
) ENGINE=InnoDB AUTO_INCREMENT=2 DEFAULT CHARSET=utf8 COLLATE=utf8_unicode_ci;

--
-- Dumping data for table `targetgroup_segment_map`
--

INSERT INTO `targetgroup_segment_map` (`id`, `targetgroup_id`, `segment_id`, `created_at`, `updated_at`) VALUES
(1, 20, 2, '2016-02-08 12:26:03', '2016-02-08 12:26:03');

-- --------------------------------------------------------

--
-- Table structure for table `users`
--

CREATE TABLE IF NOT EXISTS `users` (
  `id` int(10) unsigned NOT NULL,
  `role_id` int(10) unsigned NOT NULL,
  `company_id` int(10) unsigned NOT NULL,
  `company` varchar(255) COLLATE utf8_unicode_ci NOT NULL,
  `name` varchar(255) COLLATE utf8_unicode_ci NOT NULL,
  `email` varchar(255) COLLATE utf8_unicode_ci NOT NULL,
  `password` varchar(60) COLLATE utf8_unicode_ci NOT NULL,
  `active` int(11) NOT NULL,
  `remember_token` varchar(100) COLLATE utf8_unicode_ci DEFAULT NULL,
  `last_login_time` timestamp NULL DEFAULT '0000-00-00 00:00:00',
  `created_at` timestamp NOT NULL DEFAULT '0000-00-00 00:00:00',
  `updated_at` timestamp NOT NULL DEFAULT '0000-00-00 00:00:00'
) ENGINE=InnoDB AUTO_INCREMENT=11 DEFAULT CHARSET=utf8 COLLATE=utf8_unicode_ci;

--
-- Dumping data for table `users`
--

INSERT INTO `users` (`id`, `role_id`, `company_id`, `company`, `name`, `email`, `password`, `active`, `remember_token`, `last_login_time`, `created_at`, `updated_at`) VALUES
(1, 1, 2, 'aaa11', 'alireza', '09364991494@yahoo.com', '$2y$10$7nej63o0f9G.YpQsDqLzgOD78qiXyfXysoR07HN78WrbNFboj1FHe', 0, 'E2OV0kScjAfkXLCNz0T1Qi5dROg57MxPhEzyW3T4WjdI9Jlbp56nimIjvyJf', '2016-02-03 23:27:04', '0000-00-00 00:00:00', '2016-02-04 11:27:04'),
(2, 2, 2, '', 'alireza11111', 'a@b.com', '$2y$10$7nej63o0f9G.YpQsDqLzgOD78qiXyfXysoR07HN78WrbNFboj1FHe', 0, 'escgKZLuQi66aB6EvHtgXCw0fiuW1U2ksa2gPmh0KXU2HPVDYn6VMGPTx4cy', '2016-02-01 22:46:05', '0000-00-00 00:00:00', '2016-02-02 10:53:45'),
(3, 2, 1, '', 'asdasd1', 'a@yahoo.com', '$2y$10$7nej63o0f9G.YpQsDqLzgOD78qiXyfXysoR07HN78WrbNFboj1FHe', 0, 'Ba6wjWdQ9efNaILSuDtLxQLTt7CibJf6Ajw00wMzjqTg9C8lQXFf3IDb39F6', '2016-02-01 22:44:27', '2015-12-06 08:35:25', '2016-02-02 10:45:56'),
(4, 2, 1, '', 'asdasdas222', 'b@yahoo.com', '$2y$10$7nej63o0f9G.YpQsDqLzgOD78qiXyfXysoR07HN78WrbNFboj1FHe', 1, '1NGp5eILuC7ZyxXAn5ZyVTvAX8HKoYftF5HQfvDywy8o0vg1nPpGrXWnVm7n', '0000-00-00 00:00:00', '2015-12-06 08:38:53', '2015-12-08 05:53:18'),
(5, 3, 1, '', 'asdas', 'c@yahoo.com', '$2y$10$7nej63o0f9G.YpQsDqLzgOD78qiXyfXysoR07HN78WrbNFboj1FHe', 1, NULL, '0000-00-00 00:00:00', '2015-12-06 10:18:58', '2015-12-07 11:57:27'),
(6, 4, 1, '', 'asda111', 'd@yahoo.com', '$2y$10$7nej63o0f9G.YpQsDqLzgOD78qiXyfXysoR07HN78WrbNFboj1FHe', 1, NULL, '0000-00-00 00:00:00', '2015-12-15 13:35:09', '2015-12-15 13:40:52'),
(7, 2, 2, '', 'test_apple', 'g@yahoo.com', '$2y$10$TY2jwFS.CVRSkA6GfrNJz.rffHzKn1FD6waYPCDdjyleqPUzknFE2', 1, NULL, '0000-00-00 00:00:00', '2016-02-02 10:48:07', '2016-02-02 10:48:07'),
(8, 2, 3, '', 'user_bing', 'bing@yahoo.com', '$2y$10$YqTtfNdmplSOvCtrq4cUm.woKsZh0FmvjahfetW/u8VSUcOiL85Fy', 1, 'GkKEJMqbB2hT7jStprUlwq1KAfs97EDX8YpFFRpvVEouyrIGYrm7T4cVrQN5', '2016-02-01 22:56:46', '2016-02-02 10:53:24', '2016-02-04 09:50:50'),
(9, 1, 4, '', 'abd User', 'abc.user@yahoo.com', '$2y$10$PRmqUdfcdfAYKywijL0Aq.jEYkEmqe.AHabPjEsQhOjZ8J3hr5efa', 1, 'f8bcbYGUv3qDq4xgCr3S89EOkmAiTapsV85SPtpswKAaZtfThXBl3CN6ZHkY', '2016-02-03 21:51:02', '2016-02-04 09:50:23', '2016-02-04 09:52:24'),
(10, 2, 4, '', 'abc user admin', 'abc.admin@yahoo.com', '$2y$10$m7Vku3vbLjazRsjHBwIsR.c2pWzzKzEBCvnRKQu0zSgjGvA2U7SQ6', 1, '1bYnXfC9qAAiOdbFfmu9QqXn2e8d225cI9LxcV6Sr2DsaCNAHrKhC9hGw8v6', '2016-02-03 22:19:58', '2016-02-04 09:52:12', '2016-02-04 11:27:02');

-- --------------------------------------------------------

--
-- Table structure for table `user_role_mapping`
--

CREATE TABLE IF NOT EXISTS `user_role_mapping` (
  `id` int(10) unsigned NOT NULL,
  `user_id` int(10) unsigned NOT NULL,
  `role_id` int(10) unsigned NOT NULL,
  `created_at` timestamp NOT NULL DEFAULT '0000-00-00 00:00:00',
  `updated_at` timestamp NOT NULL DEFAULT '0000-00-00 00:00:00'
) ENGINE=InnoDB DEFAULT CHARSET=utf8 COLLATE=utf8_unicode_ci;

--
-- Indexes for dumped tables
--

--
-- Indexes for table `advertiser`
--
ALTER TABLE `advertiser`
  ADD PRIMARY KEY (`id`),
  ADD KEY `advertiser_client_id_foreign` (`client_id`);

--
-- Indexes for table `advertiser_model_map`
--
ALTER TABLE `advertiser_model_map`
  ADD PRIMARY KEY (`id`),
  ADD KEY `advertiser_model_map_advertiser_id_foreign` (`advertiser_id`),
  ADD KEY `advertiser_model_map_model_id_foreign` (`model_id`);

--
-- Indexes for table `advertiser_publisher`
--
ALTER TABLE `advertiser_publisher`
  ADD PRIMARY KEY (`id`),
  ADD KEY `advertiser_publisher_advertiser_id_foreign` (`advertiser_id`);

--
-- Indexes for table `audits`
--
ALTER TABLE `audits`
  ADD PRIMARY KEY (`id`),
  ADD KEY `audits_user_id_foreign` (`user_id`);

--
-- Indexes for table `bwentries`
--
ALTER TABLE `bwentries`
  ADD PRIMARY KEY (`id`),
  ADD KEY `bwentries_bwlist_id_foreign` (`bwlist_id`);

--
-- Indexes for table `bwlist`
--
ALTER TABLE `bwlist`
  ADD PRIMARY KEY (`id`),
  ADD KEY `bwlist_advertiser_id_foreign` (`advertiser_id`);

--
-- Indexes for table `campaign`
--
ALTER TABLE `campaign`
  ADD PRIMARY KEY (`id`),
  ADD KEY `campaign_advertiser_id_foreign` (`advertiser_id`);

--
-- Indexes for table `campaign_realtime_info`
--
ALTER TABLE `campaign_realtime_info`
  ADD PRIMARY KEY (`id`),
  ADD KEY `campaign_realtime_info_campaign_id_foreign` (`campaign_id`);

--
-- Indexes for table `client`
--
ALTER TABLE `client`
  ADD PRIMARY KEY (`id`),
  ADD KEY `client_user_id_foreign` (`id`);

--
-- Indexes for table `company`
--
ALTER TABLE `company`
  ADD PRIMARY KEY (`id`);

--
-- Indexes for table `creative`
--
ALTER TABLE `creative`
  ADD PRIMARY KEY (`id`),
  ADD KEY `creative_advertiser_id_foreign` (`advertiser_id`);

--
-- Indexes for table `geolocation`
--
ALTER TABLE `geolocation`
  ADD PRIMARY KEY (`id`);

--
-- Indexes for table `geosegment`
--
ALTER TABLE `geosegment`
  ADD PRIMARY KEY (`id`),
  ADD KEY `geosegment_geosegmentlist_id_foreign` (`geosegmentlist_id`);

--
-- Indexes for table `geosegmentlist`
--
ALTER TABLE `geosegmentlist`
  ADD PRIMARY KEY (`id`),
  ADD KEY `geosegmentlist_advertiser_id_foreign` (`advertiser_id`);

--
-- Indexes for table `iab_category`
--
ALTER TABLE `iab_category`
  ADD PRIMARY KEY (`id`);

--
-- Indexes for table `iab_sub_category`
--
ALTER TABLE `iab_sub_category`
  ADD PRIMARY KEY (`id`),
  ADD KEY `iab_sub_category_iab_category_id_foreign` (`iab_category_id`);

--
-- Indexes for table `impression`
--
ALTER TABLE `impression`
  ADD PRIMARY KEY (`id`),
  ADD KEY `impression_targetgroup_id_foreign` (`targetgroup_id`),
  ADD KEY `impression_creative_id_foreign` (`creative_id`),
  ADD KEY `impression_campaign_id_foreign` (`campaign_id`),
  ADD KEY `impression_advertiser_id_foreign` (`advertiser_id`),
  ADD KEY `impression_client_id_foreign` (`client_id`),
  ADD KEY `impression_geosegment_id_foreign` (`geosegment_id`);

--
-- Indexes for table `inventory`
--
ALTER TABLE `inventory`
  ADD PRIMARY KEY (`id`);

--
-- Indexes for table `model`
--
ALTER TABLE `model`
  ADD PRIMARY KEY (`id`),
  ADD KEY `model_advertiser_id_foreign` (`advertiser_id`);

--
-- Indexes for table `offer`
--
ALTER TABLE `offer`
  ADD PRIMARY KEY (`id`),
  ADD KEY `offer_advertiser_id_foreign` (`advertiser_id`);

--
-- Indexes for table `offer_pixel_map`
--
ALTER TABLE `offer_pixel_map`
  ADD PRIMARY KEY (`id`),
  ADD KEY `offer_pixel_mapping_offer_id_foreign` (`offer_id`);

--
-- Indexes for table `password_resets`
--
ALTER TABLE `password_resets`
  ADD KEY `password_resets_email_index` (`email`),
  ADD KEY `password_resets_token_index` (`token`);

--
-- Indexes for table `permission`
--
ALTER TABLE `permission`
  ADD PRIMARY KEY (`id`);

--
-- Indexes for table `pixel`
--
ALTER TABLE `pixel`
  ADD PRIMARY KEY (`id`),
  ADD KEY `pixel_advertiser_id_foreign` (`advertiser_id`);

--
-- Indexes for table `role`
--
ALTER TABLE `role`
  ADD PRIMARY KEY (`id`);

--
-- Indexes for table `role_permission_mapping`
--
ALTER TABLE `role_permission_mapping`
  ADD PRIMARY KEY (`id`),
  ADD KEY `role_permission_mapping_permission_id_foreign` (`permission_id`),
  ADD KEY `role_permission_mapping_role_id_foreign` (`role_id`);

--
-- Indexes for table `segment`
--
ALTER TABLE `segment`
  ADD PRIMARY KEY (`id`),
  ADD KEY `segment_advertiser_id_foreign` (`advertiser_id`),
  ADD KEY `segment_model_id_foreign` (`model_id`);

--
-- Indexes for table `targetgroup`
--
ALTER TABLE `targetgroup`
  ADD PRIMARY KEY (`id`),
  ADD KEY `targetgroup_campaign_id_foreign` (`campaign_id`);

--
-- Indexes for table `targetgroup_bidhour_map`
--
ALTER TABLE `targetgroup_bidhour_map`
  ADD PRIMARY KEY (`id`),
  ADD KEY `targetgroup_bidhour_map_targetgroup_id_foreign` (`targetgroup_id`);

--
-- Indexes for table `targetgroup_bid_advpublisher`
--
ALTER TABLE `targetgroup_bid_advpublisher`
  ADD PRIMARY KEY (`id`),
  ADD KEY `targetgroup_bid_advpublisher_advertiser_publisher_id_foreign` (`advertiser_publisher_id`),
  ADD KEY `targetgroup_bid_advpublisher_targetgroup_id_foreign` (`targetgroup_id`);

--
-- Indexes for table `targetgroup_bwlist_map`
--
ALTER TABLE `targetgroup_bwlist_map`
  ADD PRIMARY KEY (`id`),
  ADD KEY `targetgroup_bwlist_map_targetgroup_id_foreign` (`targetgroup_id`),
  ADD KEY `targetgroup_bwlist_map_bwlist_id_foreign` (`bwlist_id`);

--
-- Indexes for table `targetgroup_creative_map`
--
ALTER TABLE `targetgroup_creative_map`
  ADD PRIMARY KEY (`id`),
  ADD KEY `targetgroup_creative_map_targetgroup_id_foreign` (`targetgroup_id`),
  ADD KEY `targetgroup_creative_map_creative_id_foreign` (`creative_id`);

--
-- Indexes for table `targetgroup_geolocation_map`
--
ALTER TABLE `targetgroup_geolocation_map`
  ADD PRIMARY KEY (`id`),
  ADD KEY `targetgroup_geolocation_map_geolocation_id_foreign` (`geolocation_id`),
  ADD KEY `targetgroup_geolocation_map_targetgroup_id_foreign` (`targetgroup_id`);

--
-- Indexes for table `targetgroup_geosegmentlist_map`
--
ALTER TABLE `targetgroup_geosegmentlist_map`
  ADD PRIMARY KEY (`id`),
  ADD KEY `targetgroup_geosegmentlist_map_targetgroup_id_foreign` (`targetgroup_id`),
  ADD KEY `targetgroup_geosegmentlist_map_geosegmentlist_id_foreign` (`geosegmentlist_id`);

--
-- Indexes for table `targetgroup_realtime_info`
--
ALTER TABLE `targetgroup_realtime_info`
  ADD PRIMARY KEY (`id`),
  ADD KEY `targetgroup_realtime_info_targetgroup_id_foreign` (`targetgroup_id`);

--
-- Indexes for table `targetgroup_segment_map`
--
ALTER TABLE `targetgroup_segment_map`
  ADD PRIMARY KEY (`id`),
  ADD KEY `targetgroup_segment_map_targetgroup_id_foreign` (`targetgroup_id`),
  ADD KEY `targetgroup_segment_map_segment_id_foreign` (`segment_id`);

--
-- Indexes for table `users`
--
ALTER TABLE `users`
  ADD PRIMARY KEY (`id`),
  ADD UNIQUE KEY `users_email_unique` (`email`),
  ADD KEY `users_role_id` (`id`),
  ADD KEY `user_company_id` (`id`);

--
-- Indexes for table `user_role_mapping`
--
ALTER TABLE `user_role_mapping`
  ADD PRIMARY KEY (`id`),
  ADD KEY `user_role_mapping_user_id_foreign` (`user_id`),
  ADD KEY `user_role_mapping_role_id_foreign` (`role_id`);

--
-- AUTO_INCREMENT for dumped tables
--

--
-- AUTO_INCREMENT for table `advertiser`
--
ALTER TABLE `advertiser`
  MODIFY `id` int(10) unsigned NOT NULL AUTO_INCREMENT,AUTO_INCREMENT=16;
--
-- AUTO_INCREMENT for table `advertiser_model_map`
--
ALTER TABLE `advertiser_model_map`
  MODIFY `id` int(10) unsigned NOT NULL AUTO_INCREMENT;
--
-- AUTO_INCREMENT for table `advertiser_publisher`
--
ALTER TABLE `advertiser_publisher`
  MODIFY `id` int(10) unsigned NOT NULL AUTO_INCREMENT,AUTO_INCREMENT=29;
--
-- AUTO_INCREMENT for table `audits`
--
ALTER TABLE `audits`
  MODIFY `id` int(10) unsigned NOT NULL AUTO_INCREMENT,AUTO_INCREMENT=172;
--
-- AUTO_INCREMENT for table `bwentries`
--
ALTER TABLE `bwentries`
  MODIFY `id` int(10) unsigned NOT NULL AUTO_INCREMENT,AUTO_INCREMENT=174;
--
-- AUTO_INCREMENT for table `bwlist`
--
ALTER TABLE `bwlist`
  MODIFY `id` int(10) unsigned NOT NULL AUTO_INCREMENT,AUTO_INCREMENT=25;
--
-- AUTO_INCREMENT for table `campaign`
--
ALTER TABLE `campaign`
  MODIFY `id` int(10) unsigned NOT NULL AUTO_INCREMENT,AUTO_INCREMENT=13;
--
-- AUTO_INCREMENT for table `campaign_realtime_info`
--
ALTER TABLE `campaign_realtime_info`
  MODIFY `id` int(10) unsigned NOT NULL AUTO_INCREMENT,AUTO_INCREMENT=2;
--
-- AUTO_INCREMENT for table `client`
--
ALTER TABLE `client`
  MODIFY `id` int(10) unsigned NOT NULL AUTO_INCREMENT,AUTO_INCREMENT=28;
--
-- AUTO_INCREMENT for table `company`
--
ALTER TABLE `company`
  MODIFY `id` int(10) unsigned NOT NULL AUTO_INCREMENT,AUTO_INCREMENT=5;
--
-- AUTO_INCREMENT for table `creative`
--
ALTER TABLE `creative`
  MODIFY `id` int(10) unsigned NOT NULL AUTO_INCREMENT,AUTO_INCREMENT=9;
--
-- AUTO_INCREMENT for table `geolocation`
--
ALTER TABLE `geolocation`
  MODIFY `id` int(10) unsigned NOT NULL AUTO_INCREMENT,AUTO_INCREMENT=60;
--
-- AUTO_INCREMENT for table `geosegment`
--
ALTER TABLE `geosegment`
  MODIFY `id` int(10) unsigned NOT NULL AUTO_INCREMENT,AUTO_INCREMENT=52;
--
-- AUTO_INCREMENT for table `geosegmentlist`
--
ALTER TABLE `geosegmentlist`
  MODIFY `id` int(10) unsigned NOT NULL AUTO_INCREMENT,AUTO_INCREMENT=18;
--
-- AUTO_INCREMENT for table `iab_category`
--
ALTER TABLE `iab_category`
  MODIFY `id` int(10) unsigned NOT NULL AUTO_INCREMENT,AUTO_INCREMENT=4;
--
-- AUTO_INCREMENT for table `iab_sub_category`
--
ALTER TABLE `iab_sub_category`
  MODIFY `id` int(10) unsigned NOT NULL AUTO_INCREMENT,AUTO_INCREMENT=10;
--
-- AUTO_INCREMENT for table `impression`
--
ALTER TABLE `impression`
  MODIFY `id` int(10) unsigned NOT NULL AUTO_INCREMENT,AUTO_INCREMENT=2080991137;
--
-- AUTO_INCREMENT for table `inventory`
--
ALTER TABLE `inventory`
  MODIFY `id` int(10) unsigned NOT NULL AUTO_INCREMENT,AUTO_INCREMENT=2;
--
-- AUTO_INCREMENT for table `model`
--
ALTER TABLE `model`
  MODIFY `id` int(10) unsigned NOT NULL AUTO_INCREMENT,AUTO_INCREMENT=5;
--
-- AUTO_INCREMENT for table `offer`
--
ALTER TABLE `offer`
  MODIFY `id` int(10) unsigned NOT NULL AUTO_INCREMENT,AUTO_INCREMENT=6;
--
-- AUTO_INCREMENT for table `offer_pixel_map`
--
ALTER TABLE `offer_pixel_map`
  MODIFY `id` int(10) unsigned NOT NULL AUTO_INCREMENT,AUTO_INCREMENT=8;
--
-- AUTO_INCREMENT for table `permission`
--
ALTER TABLE `permission`
  MODIFY `id` int(10) unsigned NOT NULL AUTO_INCREMENT,AUTO_INCREMENT=30;
--
-- AUTO_INCREMENT for table `pixel`
--
ALTER TABLE `pixel`
  MODIFY `id` int(10) unsigned NOT NULL AUTO_INCREMENT,AUTO_INCREMENT=6;
--
-- AUTO_INCREMENT for table `role`
--
ALTER TABLE `role`
  MODIFY `id` int(10) unsigned NOT NULL AUTO_INCREMENT,AUTO_INCREMENT=6;
--
-- AUTO_INCREMENT for table `role_permission_mapping`
--
ALTER TABLE `role_permission_mapping`
  MODIFY `id` int(10) unsigned NOT NULL AUTO_INCREMENT,AUTO_INCREMENT=549;
--
-- AUTO_INCREMENT for table `segment`
--
ALTER TABLE `segment`
  MODIFY `id` int(10) unsigned NOT NULL AUTO_INCREMENT,AUTO_INCREMENT=3;
--
-- AUTO_INCREMENT for table `targetgroup`
--
ALTER TABLE `targetgroup`
  MODIFY `id` int(10) unsigned NOT NULL AUTO_INCREMENT,AUTO_INCREMENT=22;
--
-- AUTO_INCREMENT for table `targetgroup_bidhour_map`
--
ALTER TABLE `targetgroup_bidhour_map`
  MODIFY `id` int(10) unsigned NOT NULL AUTO_INCREMENT,AUTO_INCREMENT=12;
--
-- AUTO_INCREMENT for table `targetgroup_bid_advpublisher`
--
ALTER TABLE `targetgroup_bid_advpublisher`
  MODIFY `id` int(10) unsigned NOT NULL AUTO_INCREMENT,AUTO_INCREMENT=13;
--
-- AUTO_INCREMENT for table `targetgroup_bwlist_map`
--
ALTER TABLE `targetgroup_bwlist_map`
  MODIFY `id` int(10) unsigned NOT NULL AUTO_INCREMENT,AUTO_INCREMENT=18;
--
-- AUTO_INCREMENT for table `targetgroup_creative_map`
--
ALTER TABLE `targetgroup_creative_map`
  MODIFY `id` int(10) unsigned NOT NULL AUTO_INCREMENT,AUTO_INCREMENT=23;
--
-- AUTO_INCREMENT for table `targetgroup_geolocation_map`
--
ALTER TABLE `targetgroup_geolocation_map`
  MODIFY `id` int(10) unsigned NOT NULL AUTO_INCREMENT,AUTO_INCREMENT=36;
--
-- AUTO_INCREMENT for table `targetgroup_geosegmentlist_map`
--
ALTER TABLE `targetgroup_geosegmentlist_map`
  MODIFY `id` int(10) unsigned NOT NULL AUTO_INCREMENT,AUTO_INCREMENT=40;
--
-- AUTO_INCREMENT for table `targetgroup_realtime_info`
--
ALTER TABLE `targetgroup_realtime_info`
  MODIFY `id` int(10) unsigned NOT NULL AUTO_INCREMENT,AUTO_INCREMENT=3;
--
-- AUTO_INCREMENT for table `targetgroup_segment_map`
--
ALTER TABLE `targetgroup_segment_map`
  MODIFY `id` int(10) unsigned NOT NULL AUTO_INCREMENT,AUTO_INCREMENT=2;
--
-- AUTO_INCREMENT for table `users`
--
ALTER TABLE `users`
  MODIFY `id` int(10) unsigned NOT NULL AUTO_INCREMENT,AUTO_INCREMENT=11;
--
-- AUTO_INCREMENT for table `user_role_mapping`
--
ALTER TABLE `user_role_mapping`
  MODIFY `id` int(10) unsigned NOT NULL AUTO_INCREMENT;
--
-- Constraints for dumped tables
--

--
-- Constraints for table `advertiser`
--
ALTER TABLE `advertiser`
  ADD CONSTRAINT `advertiser_client_id_foreign` FOREIGN KEY (`client_id`) REFERENCES `client` (`id`) ON DELETE CASCADE ON UPDATE CASCADE;

--
-- Constraints for table `advertiser_model_map`
--
ALTER TABLE `advertiser_model_map`
  ADD CONSTRAINT `advertiser_model_map_advertiser_id_foreign` FOREIGN KEY (`advertiser_id`) REFERENCES `advertiser` (`id`) ON DELETE CASCADE ON UPDATE CASCADE,
  ADD CONSTRAINT `advertiser_model_map_model_id_foreign` FOREIGN KEY (`model_id`) REFERENCES `model` (`id`) ON DELETE CASCADE ON UPDATE CASCADE;

--
-- Constraints for table `advertiser_publisher`
--
ALTER TABLE `advertiser_publisher`
  ADD CONSTRAINT `advertiser_publisher_advertiser_id_foreign` FOREIGN KEY (`advertiser_id`) REFERENCES `advertiser` (`id`) ON DELETE CASCADE ON UPDATE CASCADE;

--
-- Constraints for table `audits`
--
ALTER TABLE `audits`
  ADD CONSTRAINT `audits_user_id_foreign` FOREIGN KEY (`user_id`) REFERENCES `users` (`id`) ON DELETE CASCADE ON UPDATE CASCADE;

--
-- Constraints for table `bwentries`
--
ALTER TABLE `bwentries`
  ADD CONSTRAINT `bwentries_bwlist_id_foreign` FOREIGN KEY (`bwlist_id`) REFERENCES `bwlist` (`id`) ON DELETE CASCADE ON UPDATE CASCADE;

--
-- Constraints for table `bwlist`
--
ALTER TABLE `bwlist`
  ADD CONSTRAINT `bwlist_advertiser_id_foreign` FOREIGN KEY (`advertiser_id`) REFERENCES `advertiser` (`id`) ON DELETE CASCADE ON UPDATE CASCADE;

--
-- Constraints for table `campaign`
--
ALTER TABLE `campaign`
  ADD CONSTRAINT `campaign_advertiser_id_foreign` FOREIGN KEY (`advertiser_id`) REFERENCES `advertiser` (`id`) ON DELETE CASCADE ON UPDATE CASCADE;

--
-- Constraints for table `campaign_realtime_info`
--
ALTER TABLE `campaign_realtime_info`
  ADD CONSTRAINT `campaign_realtime_info_campaign_id_foreign` FOREIGN KEY (`campaign_id`) REFERENCES `campaign` (`id`) ON DELETE CASCADE ON UPDATE CASCADE;

--
-- Constraints for table `creative`
--
ALTER TABLE `creative`
  ADD CONSTRAINT `creative_advertiser_id_foreign` FOREIGN KEY (`advertiser_id`) REFERENCES `advertiser` (`id`) ON DELETE CASCADE ON UPDATE CASCADE;

--
-- Constraints for table `geosegment`
--
ALTER TABLE `geosegment`
  ADD CONSTRAINT `geosegment_geosegmentlist_id_foreign` FOREIGN KEY (`geosegmentlist_id`) REFERENCES `geosegmentlist` (`id`) ON DELETE CASCADE ON UPDATE CASCADE;

--
-- Constraints for table `geosegmentlist`
--
ALTER TABLE `geosegmentlist`
  ADD CONSTRAINT `geosegmentlist_advertiser_id_foreign` FOREIGN KEY (`advertiser_id`) REFERENCES `advertiser` (`id`) ON DELETE CASCADE ON UPDATE CASCADE;

--
-- Constraints for table `iab_sub_category`
--
ALTER TABLE `iab_sub_category`
  ADD CONSTRAINT `iab_sub_category_iab_category_id_foreign` FOREIGN KEY (`iab_category_id`) REFERENCES `iab_category` (`id`) ON DELETE CASCADE ON UPDATE CASCADE;

--
-- Constraints for table `impression`
--
ALTER TABLE `impression`
  ADD CONSTRAINT `impression_advertiser_id_foreign` FOREIGN KEY (`advertiser_id`) REFERENCES `advertiser` (`id`) ON DELETE CASCADE ON UPDATE CASCADE,
  ADD CONSTRAINT `impression_campaign_id_foreign` FOREIGN KEY (`campaign_id`) REFERENCES `campaign` (`id`) ON DELETE CASCADE ON UPDATE CASCADE,
  ADD CONSTRAINT `impression_client_id_foreign` FOREIGN KEY (`client_id`) REFERENCES `client` (`id`) ON DELETE CASCADE ON UPDATE CASCADE,
  ADD CONSTRAINT `impression_creative_id_foreign` FOREIGN KEY (`creative_id`) REFERENCES `creative` (`id`) ON DELETE CASCADE ON UPDATE CASCADE,
  ADD CONSTRAINT `impression_geosegment_id_foreign` FOREIGN KEY (`geosegment_id`) REFERENCES `geosegmentlist` (`id`) ON DELETE CASCADE ON UPDATE CASCADE,
  ADD CONSTRAINT `impression_targetgroup_id_foreign` FOREIGN KEY (`targetgroup_id`) REFERENCES `targetgroup` (`id`) ON DELETE CASCADE ON UPDATE CASCADE;

--
-- Constraints for table `model`
--
ALTER TABLE `model`
  ADD CONSTRAINT `model_advertiser_id_foreign` FOREIGN KEY (`advertiser_id`) REFERENCES `advertiser` (`id`) ON DELETE CASCADE ON UPDATE CASCADE;

--
-- Constraints for table `offer`
--
ALTER TABLE `offer`
  ADD CONSTRAINT `offer_advertiser_id_foreign` FOREIGN KEY (`advertiser_id`) REFERENCES `advertiser` (`id`) ON DELETE CASCADE ON UPDATE CASCADE;

--
-- Constraints for table `offer_pixel_map`
--
ALTER TABLE `offer_pixel_map`
  ADD CONSTRAINT `offer_pixel_mapping_offer_id_foreign` FOREIGN KEY (`offer_id`) REFERENCES `offer` (`id`) ON DELETE CASCADE ON UPDATE CASCADE;

--
-- Constraints for table `pixel`
--
ALTER TABLE `pixel`
  ADD CONSTRAINT `pixel_advertiser_id_foreign` FOREIGN KEY (`advertiser_id`) REFERENCES `advertiser` (`id`) ON DELETE CASCADE ON UPDATE CASCADE;

--
-- Constraints for table `role_permission_mapping`
--
ALTER TABLE `role_permission_mapping`
  ADD CONSTRAINT `role_permission_mapping_permission_id_foreign` FOREIGN KEY (`permission_id`) REFERENCES `permission` (`id`) ON DELETE CASCADE ON UPDATE CASCADE,
  ADD CONSTRAINT `role_permission_mapping_role_id_foreign` FOREIGN KEY (`role_id`) REFERENCES `role` (`id`) ON DELETE CASCADE ON UPDATE CASCADE;

--
-- Constraints for table `segment`
--
ALTER TABLE `segment`
  ADD CONSTRAINT `segment_advertiser_id_foreign` FOREIGN KEY (`advertiser_id`) REFERENCES `advertiser` (`id`) ON DELETE CASCADE ON UPDATE CASCADE,
  ADD CONSTRAINT `segment_model_id_foreign` FOREIGN KEY (`model_id`) REFERENCES `model` (`id`) ON DELETE CASCADE ON UPDATE CASCADE;

--
-- Constraints for table `targetgroup`
--
ALTER TABLE `targetgroup`
  ADD CONSTRAINT `targetgroup_campaign_id_foreign` FOREIGN KEY (`campaign_id`) REFERENCES `campaign` (`id`) ON DELETE CASCADE ON UPDATE CASCADE;

--
-- Constraints for table `targetgroup_bidhour_map`
--
ALTER TABLE `targetgroup_bidhour_map`
  ADD CONSTRAINT `targetgroup_bidhour_map_targetgroup_id_foreign` FOREIGN KEY (`targetgroup_id`) REFERENCES `targetgroup` (`id`) ON DELETE CASCADE ON UPDATE CASCADE;

--
-- Constraints for table `targetgroup_bid_advpublisher`
--
ALTER TABLE `targetgroup_bid_advpublisher`
  ADD CONSTRAINT `targetgroup_bid_advpublisher_advertiser_publisher_id_foreign` FOREIGN KEY (`advertiser_publisher_id`) REFERENCES `advertiser_publisher` (`id`) ON DELETE CASCADE ON UPDATE CASCADE,
  ADD CONSTRAINT `targetgroup_bid_advpublisher_targetgroup_id_foreign` FOREIGN KEY (`targetgroup_id`) REFERENCES `targetgroup` (`id`) ON DELETE CASCADE ON UPDATE CASCADE;

--
-- Constraints for table `targetgroup_bwlist_map`
--
ALTER TABLE `targetgroup_bwlist_map`
  ADD CONSTRAINT `targetgroup_bwlist_map_bwlist_id_foreign` FOREIGN KEY (`bwlist_id`) REFERENCES `bwlist` (`id`) ON DELETE CASCADE ON UPDATE CASCADE,
  ADD CONSTRAINT `targetgroup_bwlist_map_targetgroup_id_foreign` FOREIGN KEY (`targetgroup_id`) REFERENCES `targetgroup` (`id`) ON DELETE CASCADE ON UPDATE CASCADE;

--
-- Constraints for table `targetgroup_creative_map`
--
ALTER TABLE `targetgroup_creative_map`
  ADD CONSTRAINT `targetgroup_creative_map_creative_id_foreign` FOREIGN KEY (`creative_id`) REFERENCES `creative` (`id`) ON DELETE CASCADE ON UPDATE CASCADE,
  ADD CONSTRAINT `targetgroup_creative_map_targetgroup_id_foreign` FOREIGN KEY (`targetgroup_id`) REFERENCES `targetgroup` (`id`) ON DELETE CASCADE ON UPDATE CASCADE;

--
-- Constraints for table `targetgroup_geolocation_map`
--
ALTER TABLE `targetgroup_geolocation_map`
  ADD CONSTRAINT `targetgroup_geolocation_map_geolocation_id_foreign` FOREIGN KEY (`geolocation_id`) REFERENCES `geolocation` (`id`) ON DELETE CASCADE ON UPDATE CASCADE,
  ADD CONSTRAINT `targetgroup_geolocation_map_targetgroup_id_foreign` FOREIGN KEY (`targetgroup_id`) REFERENCES `targetgroup` (`id`) ON DELETE CASCADE ON UPDATE CASCADE;

--
-- Constraints for table `targetgroup_geosegmentlist_map`
--
ALTER TABLE `targetgroup_geosegmentlist_map`
  ADD CONSTRAINT `targetgroup_geosegmentlist_map_geosegmentlist_id_foreign` FOREIGN KEY (`geosegmentlist_id`) REFERENCES `geosegmentlist` (`id`) ON DELETE CASCADE ON UPDATE CASCADE,
  ADD CONSTRAINT `targetgroup_geosegmentlist_map_targetgroup_id_foreign` FOREIGN KEY (`targetgroup_id`) REFERENCES `targetgroup` (`id`) ON DELETE CASCADE ON UPDATE CASCADE;

--
-- Constraints for table `targetgroup_realtime_info`
--
ALTER TABLE `targetgroup_realtime_info`
  ADD CONSTRAINT `targetgroup_realtime_info_targetgroup_id_foreign` FOREIGN KEY (`targetgroup_id`) REFERENCES `targetgroup` (`id`) ON DELETE CASCADE ON UPDATE CASCADE;

--
-- Constraints for table `targetgroup_segment_map`
--
ALTER TABLE `targetgroup_segment_map`
  ADD CONSTRAINT `targetgroup_segment_map_segment_id_foreign` FOREIGN KEY (`segment_id`) REFERENCES `segment` (`id`) ON DELETE CASCADE ON UPDATE CASCADE,
  ADD CONSTRAINT `targetgroup_segment_map_targetgroup_id_foreign` FOREIGN KEY (`targetgroup_id`) REFERENCES `targetgroup` (`id`) ON DELETE CASCADE ON UPDATE CASCADE;

--
-- Constraints for table `user_role_mapping`
--
ALTER TABLE `user_role_mapping`
  ADD CONSTRAINT `user_role_mapping_role_id_foreign` FOREIGN KEY (`role_id`) REFERENCES `role` (`id`) ON DELETE CASCADE ON UPDATE CASCADE,
  ADD CONSTRAINT `user_role_mapping_user_id_foreign` FOREIGN KEY (`user_id`) REFERENCES `users` (`id`) ON DELETE CASCADE ON UPDATE CASCADE;
SET FOREIGN_KEY_CHECKS=1;

/*!40101 SET CHARACTER_SET_CLIENT=@OLD_CHARACTER_SET_CLIENT */;
/*!40101 SET CHARACTER_SET_RESULTS=@OLD_CHARACTER_SET_RESULTS */;
/*!40101 SET COLLATION_CONNECTION=@OLD_COLLATION_CONNECTION */;
